assessment_id,employee_id,assessment_date,metric_code,self_rating,manager_rating,peer_rating_avg
SA0001,EMP000,2023-11-10,SKILL_001,4.3,3.6,3.7
SA0002,EMP000,2023-11-10,SKILL_002,4.4,3.8,4.4
SA0003,EMP000,2023-11-10,SKILL_003,2.6,3.8,3.3
SA0004,EMP000,2023-11-10,SKILL_004,4.6,4.4,3.6
SA0005,EMP000,2023-11-10,SKILL_005,4.5,4.6,3.6
SA0006,EMP000,2023-11-10,SKILL_006,4.9,3.5,3.5
SA0007,EMP000,2023-11-10,SKILL_007,4.1,3.3,3.6
SA0008,EMP000,2023-11-10,SKILL_008,4.4,3.5,2.8
SA0009,DIV001,2023-11-10,SKILL_001,3.9,3.1,4.0
SA0010,DIV001,2023-11-10,SKILL_002,4.0,4.4,4.1
SA0011,DIV001,2023-11-10,SKILL_003,4.2,3.1,4.0
SA0012,DIV001,2023-11-10,SKILL_004,4.7,3.1,4.5
SA0013,DIV001,2023-11-10,SKILL_005,3.4,3.0,3.7
SA0014,DIV001,2023-11-10,SKILL_006,4.1,4.0,3.1
SA0015,DIV001,2023-11-10,SKILL_007,3.9,3.1,2.9
SA0016,DIV001,2023-11-10,SKILL_008,3.2,3.0,3.9
SA0017,DIV002,2023-11-10,SKILL_001,4.3,2.6,3.8
SA0018,DIV002,2023-11-10,SKILL_002,3.1,3.9,3.3
SA0019,DIV002,2023-11-10,SKILL_003,3.2,4.0,3.3
SA0020,DIV002,2023-11-10,SKILL_004,3.5,2.2,4.1
SA0021,DIV002,2023-11-10,SKILL_005,4.1,3.5,2.8
SA0022,DIV002,2023-11-10,SKILL_006,4.3,3.1,3.4
SA0023,DIV002,2023-11-10,SKILL_007,4.9,3.1,4.0
SA0024,DIV002,2023-11-10,SKILL_008,4.0,3.7,3.7
SA0025,DIV003,2023-11-10,SKILL_001,3.9,3.7,3.6
SA0026,DIV003,2023-11-10,SKILL_002,4.5,2.7,4.1
SA0027,DIV003,2023-11-10,SKILL_003,4.1,3.9,4.2
SA0028,DIV003,2023-11-10,SKILL_004,3.7,2.4,3.6
SA0029,DIV003,2023-11-10,SKILL_005,3.2,3.1,3.0
SA0030,DIV003,2023-11-10,SKILL_006,3.5,3.1,2.4
SA0031,DIV003,2023-11-10,SKILL_007,4.1,4.8,3.9
SA0032,DIV003,2023-11-10,SKILL_008,3.6,3.5,3.4
SA0033,TL001,2023-11-10,SKILL_001,3.7,3.5,3.2
SA0034,TL001,2023-11-10,SKILL_002,4.5,2.6,4.0
SA0035,TL001,2023-11-10,SKILL_003,3.6,4.6,3.8
SA0036,TL001,2023-11-10,SKILL_004,3.5,3.4,3.6
SA0037,TL001,2023-11-10,SKILL_005,3.1,3.0,2.7
SA0038,TL001,2023-11-10,SKILL_006,3.2,3.6,3.8
SA0039,TL001,2023-11-10,SKILL_007,2.7,3.4,3.9
SA0040,TL001,2023-11-10,SKILL_008,3.6,3.1,3.4
SA0041,TL002,2023-11-10,SKILL_001,3.4,3.1,3.7
SA0042,TL002,2023-11-10,SKILL_002,4.9,3.1,3.4
SA0043,TL002,2023-11-10,SKILL_003,3.7,3.1,4.1
SA0044,TL002,2023-11-10,SKILL_004,2.5,3.2,4.0
SA0045,TL002,2023-11-10,SKILL_005,3.6,3.0,3.8
SA0046,TL002,2023-11-10,SKILL_006,4.2,3.6,3.2
SA0047,TL002,2023-11-10,SKILL_007,3.9,3.3,4.0
SA0048,TL002,2023-11-10,SKILL_008,4.4,1.9,3.7
SA0049,TL003,2023-11-10,SKILL_001,2.8,5.0,3.4
SA0050,TL003,2023-11-10,SKILL_002,4.1,3.5,3.2
SA0051,TL003,2023-11-10,SKILL_003,3.2,4.5,4.1
SA0052,TL003,2023-11-10,SKILL_004,4.7,3.5,3.7
SA0053,TL003,2023-11-10,SKILL_005,3.6,3.3,3.1
SA0054,TL003,2023-11-10,SKILL_006,3.7,3.0,3.8
SA0055,TL003,2023-11-10,SKILL_007,3.8,3.7,4.4
SA0056,TL003,2023-11-10,SKILL_008,3.7,4.0,4.6
SA0057,TL004,2023-11-10,SKILL_001,4.4,4.2,3.4
SA0058,TL004,2023-11-10,SKILL_002,3.8,2.7,3.8
SA0059,TL004,2023-11-10,SKILL_003,3.8,3.5,4.1
SA0060,TL004,2023-11-10,SKILL_004,3.1,4.5,4.1
SA0061,TL004,2023-11-10,SKILL_005,3.7,3.4,3.8
SA0062,TL004,2023-11-10,SKILL_006,4.5,3.6,3.7
SA0063,TL004,2023-11-10,SKILL_007,3.7,4.6,3.4
SA0064,TL004,2023-11-10,SKILL_008,3.7,4.4,3.7
SA0065,TL005,2023-11-10,SKILL_001,4.3,3.0,3.5
SA0066,TL005,2023-11-10,SKILL_002,4.4,3.1,3.5
SA0067,TL005,2023-11-10,SKILL_003,3.8,2.9,3.4
SA0068,TL005,2023-11-10,SKILL_004,3.8,3.5,4.2
SA0069,TL005,2023-11-10,SKILL_005,4.5,3.0,3.7
SA0070,TL005,2023-11-10,SKILL_006,4.0,4.4,4.0
SA0071,TL005,2023-11-10,SKILL_007,3.8,3.9,3.9
SA0072,TL005,2023-11-10,SKILL_008,3.2,3.6,4.3
SA0073,TL006,2023-11-10,SKILL_001,3.6,3.6,3.5
SA0074,TL006,2023-11-10,SKILL_002,2.5,3.5,3.8
SA0075,TL006,2023-11-10,SKILL_003,3.4,2.8,3.2
SA0076,TL006,2023-11-10,SKILL_004,4.1,4.7,4.3
SA0077,TL006,2023-11-10,SKILL_005,3.0,4.0,3.3
SA0078,TL006,2023-11-10,SKILL_006,3.4,3.2,4.0
SA0079,TL006,2023-11-10,SKILL_007,4.2,3.4,3.6
SA0080,TL006,2023-11-10,SKILL_008,3.9,3.8,4.2
SA0081,TL007,2023-11-10,SKILL_001,3.1,3.5,3.1
SA0082,TL007,2023-11-10,SKILL_002,3.7,3.4,3.6
SA0083,TL007,2023-11-10,SKILL_003,3.3,2.6,2.6
SA0084,TL007,2023-11-10,SKILL_004,3.6,3.2,3.3
SA0085,TL007,2023-11-10,SKILL_005,4.4,3.0,4.3
SA0086,TL007,2023-11-10,SKILL_006,4.5,2.3,3.6
SA0087,TL007,2023-11-10,SKILL_007,3.5,1.8,2.9
SA0088,TL007,2023-11-10,SKILL_008,4.1,4.7,4.1
SA0089,TL008,2023-11-10,SKILL_001,3.9,3.5,4.4
SA0090,TL008,2023-11-10,SKILL_002,4.8,3.1,2.6
SA0091,TL008,2023-11-10,SKILL_003,2.7,4.3,3.6
SA0092,TL008,2023-11-10,SKILL_004,3.8,2.4,3.2
SA0093,TL008,2023-11-10,SKILL_005,3.6,3.6,3.4
SA0094,TL008,2023-11-10,SKILL_006,3.2,3.0,4.2
SA0095,TL008,2023-11-10,SKILL_007,3.8,3.9,3.2
SA0096,TL008,2023-11-10,SKILL_008,2.2,3.2,3.2
SA0097,TL009,2023-11-10,SKILL_001,3.9,5.0,3.9
SA0098,TL009,2023-11-10,SKILL_002,5.0,3.8,3.3
SA0099,TL009,2023-11-10,SKILL_003,3.9,4.6,4.5
SA0100,TL009,2023-11-10,SKILL_004,3.4,3.7,2.9
SA0101,TL009,2023-11-10,SKILL_005,4.1,4.4,3.6
SA0102,TL009,2023-11-10,SKILL_006,3.4,3.7,3.8
SA0103,TL009,2023-11-10,SKILL_007,3.7,3.6,3.5
SA0104,TL009,2023-11-10,SKILL_008,4.2,3.9,3.1
SA0105,TL010,2023-11-10,SKILL_001,3.2,3.3,4.0
SA0106,TL010,2023-11-10,SKILL_002,3.8,3.1,3.7
SA0107,TL010,2023-11-10,SKILL_003,3.5,4.0,3.8
SA0108,TL010,2023-11-10,SKILL_004,3.5,3.6,4.3
SA0109,TL010,2023-11-10,SKILL_005,3.4,3.7,3.6
SA0110,TL010,2023-11-10,SKILL_006,3.9,3.1,3.7
SA0111,TL010,2023-11-10,SKILL_007,4.3,2.9,2.9
SA0112,TL010,2023-11-10,SKILL_008,3.1,2.8,3.9
SA0113,EMP001,2023-11-10,SKILL_001,3.0,3.3,3.9
SA0114,EMP001,2023-11-10,SKILL_002,3.9,3.3,3.7
SA0115,EMP001,2023-11-10,SKILL_003,3.8,3.4,3.5
SA0116,EMP001,2023-11-10,SKILL_004,4.8,4.0,4.8
SA0117,EMP001,2023-11-10,SKILL_005,3.5,3.4,2.9
SA0118,EMP001,2023-11-10,SKILL_006,3.3,4.6,3.3
SA0119,EMP001,2023-11-10,SKILL_007,4.7,2.8,3.1
SA0120,EMP001,2023-11-10,SKILL_008,3.5,3.5,4.1
SA0121,EMP002,2023-11-10,SKILL_001,3.9,3.3,3.5
SA0122,EMP002,2023-11-10,SKILL_002,3.5,3.0,3.2
SA0123,EMP002,2023-11-10,SKILL_003,4.2,2.4,4.4
SA0124,EMP002,2023-11-10,SKILL_004,3.5,3.0,4.0
SA0125,EMP002,2023-11-10,SKILL_005,4.4,4.2,3.9
SA0126,EMP002,2023-11-10,SKILL_006,4.2,2.5,3.3
SA0127,EMP002,2023-11-10,SKILL_007,3.2,4.2,3.4
SA0128,EMP002,2023-11-10,SKILL_008,4.1,3.8,3.2
SA0129,EMP004,2023-11-10,SKILL_001,3.4,4.3,3.2
SA0130,EMP004,2023-11-10,SKILL_002,3.8,3.0,3.4
SA0131,EMP004,2023-11-10,SKILL_003,3.7,3.0,3.1
SA0132,EMP004,2023-11-10,SKILL_004,3.8,3.0,3.2
SA0133,EMP004,2023-11-10,SKILL_005,3.2,3.5,4.1
SA0134,EMP004,2023-11-10,SKILL_006,4.5,3.1,4.7
SA0135,EMP004,2023-11-10,SKILL_007,3.2,4.2,3.2
SA0136,EMP004,2023-11-10,SKILL_008,3.3,3.1,3.6
SA0137,EMP005,2023-11-10,SKILL_001,4.0,3.9,3.1
SA0138,EMP005,2023-11-10,SKILL_002,3.2,3.0,3.5
SA0139,EMP005,2023-11-10,SKILL_003,3.6,2.9,3.7
SA0140,EMP005,2023-11-10,SKILL_004,4.8,3.2,3.4
SA0141,EMP005,2023-11-10,SKILL_005,4.0,3.2,3.9
SA0142,EMP005,2023-11-10,SKILL_006,3.3,4.6,3.8
SA0143,EMP005,2023-11-10,SKILL_007,3.4,3.1,3.3
SA0144,EMP005,2023-11-10,SKILL_008,4.4,2.7,3.3
SA0145,EMP006,2023-11-10,SKILL_001,3.4,3.5,3.5
SA0146,EMP006,2023-11-10,SKILL_002,3.0,3.3,3.6
SA0147,EMP006,2023-11-10,SKILL_003,3.4,3.9,4.1
SA0148,EMP006,2023-11-10,SKILL_004,3.7,3.6,2.5
SA0149,EMP006,2023-11-10,SKILL_005,3.5,4.1,3.4
SA0150,EMP006,2023-11-10,SKILL_006,3.3,4.9,4.5
SA0151,EMP006,2023-11-10,SKILL_007,3.9,4.2,2.5
SA0152,EMP006,2023-11-10,SKILL_008,3.3,3.2,3.5
SA0153,EMP007,2023-11-10,SKILL_001,3.5,2.0,3.8
SA0154,EMP007,2023-11-10,SKILL_002,4.0,4.5,3.2
SA0155,EMP007,2023-11-10,SKILL_003,3.3,1.9,3.5
SA0156,EMP007,2023-11-10,SKILL_004,4.2,3.1,4.7
SA0157,EMP007,2023-11-10,SKILL_005,3.6,3.6,2.9
SA0158,EMP007,2023-11-10,SKILL_006,3.8,2.3,3.9
SA0159,EMP007,2023-11-10,SKILL_007,4.1,4.3,3.1
SA0160,EMP007,2023-11-10,SKILL_008,3.8,3.8,3.8
SA0161,EMP008,2023-11-10,SKILL_001,3.3,2.1,3.8
SA0162,EMP008,2023-11-10,SKILL_002,3.6,3.2,4.0
SA0163,EMP008,2023-11-10,SKILL_003,3.7,2.7,2.6
SA0164,EMP008,2023-11-10,SKILL_004,3.1,4.9,4.0
SA0165,EMP008,2023-11-10,SKILL_005,3.8,3.4,3.5
SA0166,EMP008,2023-11-10,SKILL_006,4.3,3.2,3.9
SA0167,EMP008,2023-11-10,SKILL_007,3.5,4.7,4.0
SA0168,EMP008,2023-11-10,SKILL_008,4.3,3.1,4.1
SA0169,EMP009,2023-11-10,SKILL_001,3.5,3.6,4.4
SA0170,EMP009,2023-11-10,SKILL_002,3.2,3.6,3.8
SA0171,EMP009,2023-11-10,SKILL_003,4.0,3.2,4.6
SA0172,EMP009,2023-11-10,SKILL_004,3.1,4.4,4.2
SA0173,EMP009,2023-11-10,SKILL_005,4.7,2.5,3.2
SA0174,EMP009,2023-11-10,SKILL_006,4.4,2.4,2.8
SA0175,EMP009,2023-11-10,SKILL_007,3.5,3.6,4.4
SA0176,EMP009,2023-11-10,SKILL_008,3.6,3.1,3.8
SA0177,EMP010,2023-11-10,SKILL_001,3.9,3.8,3.5
SA0178,EMP010,2023-11-10,SKILL_002,2.7,2.9,4.3
SA0179,EMP010,2023-11-10,SKILL_003,3.8,3.3,4.2
SA0180,EMP010,2023-11-10,SKILL_004,3.1,3.4,3.7
SA0181,EMP010,2023-11-10,SKILL_005,3.5,3.6,3.5
SA0182,EMP010,2023-11-10,SKILL_006,3.0,3.6,2.9
SA0183,EMP010,2023-11-10,SKILL_007,3.8,4.3,3.5
SA0184,EMP010,2023-11-10,SKILL_008,3.1,3.4,3.2
SA0185,EMP011,2023-11-10,SKILL_001,4.0,3.4,4.5
SA0186,EMP011,2023-11-10,SKILL_002,4.3,3.4,4.0
SA0187,EMP011,2023-11-10,SKILL_003,3.5,3.5,3.4
SA0188,EMP011,2023-11-10,SKILL_004,4.1,4.4,4.0
SA0189,EMP011,2023-11-10,SKILL_005,4.2,4.1,3.9
SA0190,EMP011,2023-11-10,SKILL_006,3.1,4.5,4.5
SA0191,EMP011,2023-11-10,SKILL_007,3.6,3.3,3.9
SA0192,EMP011,2023-11-10,SKILL_008,4.0,3.4,3.0
SA0193,EMP012,2023-11-10,SKILL_001,3.9,3.8,4.0
SA0194,EMP012,2023-11-10,SKILL_002,3.9,3.3,4.1
SA0195,EMP012,2023-11-10,SKILL_003,3.7,3.2,3.5
SA0196,EMP012,2023-11-10,SKILL_004,2.8,3.4,3.9
SA0197,EMP012,2023-11-10,SKILL_005,3.9,4.4,3.5
SA0198,EMP012,2023-11-10,SKILL_006,3.9,4.0,4.8
SA0199,EMP012,2023-11-10,SKILL_007,3.8,2.9,4.0
SA0200,EMP012,2023-11-10,SKILL_008,4.6,3.3,4.0
SA0201,EMP013,2023-11-10,SKILL_001,4.3,4.1,3.7
SA0202,EMP013,2023-11-10,SKILL_002,3.4,3.5,3.8
SA0203,EMP013,2023-11-10,SKILL_003,4.2,3.7,3.4
SA0204,EMP013,2023-11-10,SKILL_004,4.0,4.0,3.8
SA0205,EMP013,2023-11-10,SKILL_005,3.3,3.4,4.1
SA0206,EMP013,2023-11-10,SKILL_006,3.0,2.2,4.4
SA0207,EMP013,2023-11-10,SKILL_007,4.0,3.9,3.1
SA0208,EMP013,2023-11-10,SKILL_008,4.1,3.7,2.8
SA0209,EMP014,2023-11-10,SKILL_001,4.4,3.6,3.4
SA0210,EMP014,2023-11-10,SKILL_002,3.5,2.3,3.9
SA0211,EMP014,2023-11-10,SKILL_003,3.8,3.4,4.2
SA0212,EMP014,2023-11-10,SKILL_004,3.0,3.1,3.2
SA0213,EMP014,2023-11-10,SKILL_005,3.6,3.5,3.8
SA0214,EMP014,2023-11-10,SKILL_006,3.5,3.0,4.4
SA0215,EMP014,2023-11-10,SKILL_007,4.9,3.6,3.2
SA0216,EMP014,2023-11-10,SKILL_008,4.4,2.6,3.4
SA0217,EMP015,2023-11-10,SKILL_001,3.4,2.8,3.5
SA0218,EMP015,2023-11-10,SKILL_002,3.3,3.5,3.6
SA0219,EMP015,2023-11-10,SKILL_003,3.4,3.3,3.5
SA0220,EMP015,2023-11-10,SKILL_004,4.1,3.4,4.0
SA0221,EMP015,2023-11-10,SKILL_005,4.0,3.8,4.3
SA0222,EMP015,2023-11-10,SKILL_006,3.1,3.2,4.5
SA0223,EMP015,2023-11-10,SKILL_007,3.6,1.8,3.5
SA0224,EMP015,2023-11-10,SKILL_008,3.8,1.9,4.3
SA0225,EMP016,2023-11-10,SKILL_001,3.3,3.7,3.5
SA0226,EMP016,2023-11-10,SKILL_002,3.1,2.9,3.1
SA0227,EMP016,2023-11-10,SKILL_003,4.2,3.4,3.3
SA0228,EMP016,2023-11-10,SKILL_004,3.2,4.2,4.3
SA0229,EMP016,2023-11-10,SKILL_005,4.3,3.8,3.7
SA0230,EMP016,2023-11-10,SKILL_006,3.1,3.4,3.3
SA0231,EMP016,2023-11-10,SKILL_007,2.8,4.1,3.3
SA0232,EMP016,2023-11-10,SKILL_008,4.3,4.0,3.9
SA0233,EMP017,2023-11-10,SKILL_001,4.0,3.1,4.5
SA0234,EMP017,2023-11-10,SKILL_002,3.7,3.7,3.3
SA0235,EMP017,2023-11-10,SKILL_003,3.2,3.8,3.7
SA0236,EMP017,2023-11-10,SKILL_004,3.3,2.6,3.0
SA0237,EMP017,2023-11-10,SKILL_005,4.3,3.1,3.4
SA0238,EMP017,2023-11-10,SKILL_006,4.4,2.8,3.2
SA0239,EMP017,2023-11-10,SKILL_007,3.3,4.5,4.6
SA0240,EMP017,2023-11-10,SKILL_008,4.1,4.0,3.3
SA0241,EMP018,2023-11-10,SKILL_001,4.7,3.7,4.0
SA0242,EMP018,2023-11-10,SKILL_002,3.6,3.3,4.4
SA0243,EMP018,2023-11-10,SKILL_003,4.0,4.4,3.7
SA0244,EMP018,2023-11-10,SKILL_004,3.3,3.1,3.7
SA0245,EMP018,2023-11-10,SKILL_005,3.4,2.8,4.2
SA0246,EMP018,2023-11-10,SKILL_006,3.4,3.6,3.7
SA0247,EMP018,2023-11-10,SKILL_007,3.4,4.4,3.0
SA0248,EMP018,2023-11-10,SKILL_008,3.8,3.6,3.6
SA0249,EMP019,2023-11-10,SKILL_001,3.1,4.0,4.0
SA0250,EMP019,2023-11-10,SKILL_002,3.4,3.9,3.8
SA0251,EMP019,2023-11-10,SKILL_003,3.1,3.0,4.2
SA0252,EMP019,2023-11-10,SKILL_004,3.9,3.2,3.2
SA0253,EMP019,2023-11-10,SKILL_005,3.4,3.2,3.2
SA0254,EMP019,2023-11-10,SKILL_006,2.8,4.2,4.1
SA0255,EMP019,2023-11-10,SKILL_007,3.1,3.6,3.1
SA0256,EMP019,2023-11-10,SKILL_008,3.6,3.3,3.4
SA0257,EMP020,2023-11-10,SKILL_001,4.7,3.2,3.2
SA0258,EMP020,2023-11-10,SKILL_002,3.3,4.1,2.8
SA0259,EMP020,2023-11-10,SKILL_003,3.3,4.4,3.7
SA0260,EMP020,2023-11-10,SKILL_004,3.8,4.8,3.7
SA0261,EMP020,2023-11-10,SKILL_005,3.3,3.3,3.0
SA0262,EMP020,2023-11-10,SKILL_006,4.3,3.8,4.2
SA0263,EMP020,2023-11-10,SKILL_007,4.3,3.3,3.1
SA0264,EMP020,2023-11-10,SKILL_008,3.7,3.0,3.7
SA0265,EMP021,2023-11-10,SKILL_001,4.3,3.4,3.7
SA0266,EMP021,2023-11-10,SKILL_002,3.7,4.0,3.3
SA0267,EMP021,2023-11-10,SKILL_003,2.6,3.8,4.1
SA0268,EMP021,2023-11-10,SKILL_004,3.9,3.1,3.0
SA0269,EMP021,2023-11-10,SKILL_005,3.9,3.6,3.5
SA0270,EMP021,2023-11-10,SKILL_006,4.6,2.9,4.5
SA0271,EMP021,2023-11-10,SKILL_007,3.7,2.4,3.5
SA0272,EMP021,2023-11-10,SKILL_008,4.2,3.3,2.9
SA0273,EMP022,2023-11-10,SKILL_001,3.6,3.0,3.8
SA0274,EMP022,2023-11-10,SKILL_002,4.1,2.9,3.2
SA0275,EMP022,2023-11-10,SKILL_003,4.1,3.0,3.1
SA0276,EMP022,2023-11-10,SKILL_004,3.1,3.7,3.8
SA0277,EMP022,2023-11-10,SKILL_005,3.4,3.5,4.4
SA0278,EMP022,2023-11-10,SKILL_006,3.2,2.3,3.8
SA0279,EMP022,2023-11-10,SKILL_007,3.6,3.1,3.9
SA0280,EMP022,2023-11-10,SKILL_008,4.1,2.2,3.3
SA0281,EMP023,2023-11-10,SKILL_001,4.9,3.9,3.9
SA0282,EMP023,2023-11-10,SKILL_002,4.3,3.5,4.0
SA0283,EMP023,2023-11-10,SKILL_003,4.1,3.8,3.4
SA0284,EMP023,2023-11-10,SKILL_004,3.8,3.1,3.6
SA0285,EMP023,2023-11-10,SKILL_005,3.1,3.0,3.5
SA0286,EMP023,2023-11-10,SKILL_006,3.2,3.2,3.5
SA0287,EMP023,2023-11-10,SKILL_007,3.9,4.1,3.4
SA0288,EMP023,2023-11-10,SKILL_008,4.4,4.1,3.9
SA0289,EMP024,2023-11-10,SKILL_001,3.8,3.7,4.2
SA0290,EMP024,2023-11-10,SKILL_002,4.3,4.3,3.6
SA0291,EMP024,2023-11-10,SKILL_003,4.0,4.3,3.3
SA0292,EMP024,2023-11-10,SKILL_004,3.5,3.5,4.0
SA0293,EMP024,2023-11-10,SKILL_005,4.2,3.4,2.8
SA0294,EMP024,2023-11-10,SKILL_006,3.8,2.9,2.9
SA0295,EMP024,2023-11-10,SKILL_007,3.1,3.7,4.3
SA0296,EMP024,2023-11-10,SKILL_008,3.7,3.6,4.2
SA0297,EMP025,2023-11-10,SKILL_001,2.9,3.8,3.6
SA0298,EMP025,2023-11-10,SKILL_002,4.0,3.2,3.2
SA0299,EMP025,2023-11-10,SKILL_003,3.8,4.5,4.0
SA0300,EMP025,2023-11-10,SKILL_004,3.4,2.7,2.8
SA0301,EMP025,2023-11-10,SKILL_005,4.4,2.9,3.4
SA0302,EMP025,2023-11-10,SKILL_006,4.4,2.5,4.3
SA0303,EMP025,2023-11-10,SKILL_007,3.6,2.8,3.5
SA0304,EMP025,2023-11-10,SKILL_008,3.3,3.8,3.3
SA0305,EMP026,2023-11-10,SKILL_001,2.7,3.4,2.9
SA0306,EMP026,2023-11-10,SKILL_002,3.8,2.8,3.4
SA0307,EMP026,2023-11-10,SKILL_003,3.8,3.4,3.7
SA0308,EMP026,2023-11-10,SKILL_004,4.0,2.8,3.6
SA0309,EMP026,2023-11-10,SKILL_005,2.0,3.6,3.4
SA0310,EMP026,2023-11-10,SKILL_006,3.2,3.7,4.2
SA0311,EMP026,2023-11-10,SKILL_007,3.5,2.9,3.7
SA0312,EMP026,2023-11-10,SKILL_008,3.0,3.1,4.2
SA0313,EMP027,2023-11-10,SKILL_001,3.7,2.4,2.7
SA0314,EMP027,2023-11-10,SKILL_002,3.8,4.0,2.8
SA0315,EMP027,2023-11-10,SKILL_003,3.9,4.3,4.5
SA0316,EMP027,2023-11-10,SKILL_004,3.9,3.8,2.5
SA0317,EMP027,2023-11-10,SKILL_005,4.7,3.2,3.1
SA0318,EMP027,2023-11-10,SKILL_006,3.6,4.4,4.7
SA0319,EMP027,2023-11-10,SKILL_007,3.8,4.1,3.6
SA0320,EMP027,2023-11-10,SKILL_008,3.2,4.4,3.3
SA0321,EMP028,2023-11-10,SKILL_001,4.5,4.3,3.9
SA0322,EMP028,2023-11-10,SKILL_002,4.6,4.8,3.5
SA0323,EMP028,2023-11-10,SKILL_003,3.3,2.4,4.7
SA0324,EMP028,2023-11-10,SKILL_004,3.5,4.2,3.2
SA0325,EMP028,2023-11-10,SKILL_005,4.5,3.1,3.0
SA0326,EMP028,2023-11-10,SKILL_006,3.6,3.2,3.9
SA0327,EMP028,2023-11-10,SKILL_007,3.7,3.9,3.5
SA0328,EMP028,2023-11-10,SKILL_008,3.4,3.1,4.6
SA0329,EMP029,2023-11-10,SKILL_001,3.8,2.3,3.3
SA0330,EMP029,2023-11-10,SKILL_002,3.7,4.6,4.1
SA0331,EMP029,2023-11-10,SKILL_003,3.2,5.0,3.6
SA0332,EMP029,2023-11-10,SKILL_004,4.3,2.8,2.4
SA0333,EMP029,2023-11-10,SKILL_005,3.0,1.5,4.7
SA0334,EMP029,2023-11-10,SKILL_006,3.8,2.9,3.8
SA0335,EMP029,2023-11-10,SKILL_007,3.8,3.9,4.2
SA0336,EMP029,2023-11-10,SKILL_008,3.6,3.0,4.0
SA0337,EMP030,2023-11-10,SKILL_001,4.1,3.6,4.7
SA0338,EMP030,2023-11-10,SKILL_002,3.5,3.0,3.8
SA0339,EMP030,2023-11-10,SKILL_003,3.4,3.8,3.2
SA0340,EMP030,2023-11-10,SKILL_004,3.5,4.6,3.4
SA0341,EMP030,2023-11-10,SKILL_005,3.3,4.2,3.1
SA0342,EMP030,2023-11-10,SKILL_006,3.4,3.8,4.1
SA0343,EMP030,2023-11-10,SKILL_007,4.3,3.1,3.9
SA0344,EMP030,2023-11-10,SKILL_008,3.5,3.1,4.2
SA0345,EMP031,2023-11-10,SKILL_001,3.4,3.7,3.7
SA0346,EMP031,2023-11-10,SKILL_002,3.2,4.1,3.9
SA0347,EMP031,2023-11-10,SKILL_003,2.7,3.7,3.2
SA0348,EMP031,2023-11-10,SKILL_004,4.2,2.6,3.4
SA0349,EMP031,2023-11-10,SKILL_005,3.9,3.5,4.0
SA0350,EMP031,2023-11-10,SKILL_006,2.9,4.5,3.9
SA0351,EMP031,2023-11-10,SKILL_007,4.4,4.0,3.6
SA0352,EMP031,2023-11-10,SKILL_008,3.1,3.2,4.4
SA0353,EMP032,2023-11-10,SKILL_001,4.4,3.1,2.2
SA0354,EMP032,2023-11-10,SKILL_002,3.6,3.3,3.5
SA0355,EMP032,2023-11-10,SKILL_003,4.0,4.0,4.1
SA0356,EMP032,2023-11-10,SKILL_004,3.9,2.4,3.4
SA0357,EMP032,2023-11-10,SKILL_005,4.9,3.7,3.8
SA0358,EMP032,2023-11-10,SKILL_006,3.9,3.7,2.4
SA0359,EMP032,2023-11-10,SKILL_007,3.6,3.5,4.2
SA0360,EMP032,2023-11-10,SKILL_008,3.7,2.5,3.8
SA0361,EMP033,2023-11-10,SKILL_001,3.3,2.8,3.2
SA0362,EMP033,2023-11-10,SKILL_002,4.0,4.3,3.8
SA0363,EMP033,2023-11-10,SKILL_003,4.0,3.8,3.7
SA0364,EMP033,2023-11-10,SKILL_004,4.0,2.0,3.7
SA0365,EMP033,2023-11-10,SKILL_005,3.2,4.2,3.5
SA0366,EMP033,2023-11-10,SKILL_006,3.7,2.6,4.1
SA0367,EMP033,2023-11-10,SKILL_007,4.0,3.8,3.2
SA0368,EMP033,2023-11-10,SKILL_008,3.3,3.6,3.3
SA0369,EMP034,2023-11-10,SKILL_001,3.9,2.2,3.4
SA0370,EMP034,2023-11-10,SKILL_002,4.6,3.8,3.7
SA0371,EMP034,2023-11-10,SKILL_003,4.7,2.1,3.2
SA0372,EMP034,2023-11-10,SKILL_004,3.5,4.0,4.0
SA0373,EMP034,2023-11-10,SKILL_005,3.3,4.1,3.4
SA0374,EMP034,2023-11-10,SKILL_006,4.3,2.9,3.5
SA0375,EMP034,2023-11-10,SKILL_007,3.5,4.1,3.3
SA0376,EMP034,2023-11-10,SKILL_008,3.7,3.8,3.9
SA0377,EMP035,2023-11-10,SKILL_001,4.1,3.6,3.4
SA0378,EMP035,2023-11-10,SKILL_002,3.5,3.5,3.7
SA0379,EMP035,2023-11-10,SKILL_003,3.6,3.5,2.8
SA0380,EMP035,2023-11-10,SKILL_004,4.0,3.6,4.1
SA0381,EMP035,2023-11-10,SKILL_005,3.7,2.5,3.4
SA0382,EMP035,2023-11-10,SKILL_006,3.6,3.9,2.6
SA0383,EMP035,2023-11-10,SKILL_007,3.7,3.8,3.3
SA0384,EMP035,2023-11-10,SKILL_008,3.7,3.1,3.2
SA0385,EMP036,2023-11-10,SKILL_001,3.5,3.1,3.9
SA0386,EMP036,2023-11-10,SKILL_002,3.3,3.0,4.5
SA0387,EMP036,2023-11-10,SKILL_003,4.2,2.4,3.2
SA0388,EMP036,2023-11-10,SKILL_004,3.8,3.7,2.9
SA0389,EMP036,2023-11-10,SKILL_005,4.3,4.0,3.8
SA0390,EMP036,2023-11-10,SKILL_006,4.4,3.8,3.8
SA0391,EMP036,2023-11-10,SKILL_007,4.5,4.2,3.2
SA0392,EMP036,2023-11-10,SKILL_008,4.0,3.1,3.9
SA0393,EMP037,2023-11-10,SKILL_001,3.9,2.7,3.5
SA0394,EMP037,2023-11-10,SKILL_002,3.8,3.2,3.8
SA0395,EMP037,2023-11-10,SKILL_003,4.1,3.5,3.7
SA0396,EMP037,2023-11-10,SKILL_004,4.4,3.8,3.7
SA0397,EMP037,2023-11-10,SKILL_005,3.2,3.9,3.8
SA0398,EMP037,2023-11-10,SKILL_006,4.3,3.5,2.7
SA0399,EMP037,2023-11-10,SKILL_007,2.8,3.9,3.3
SA0400,EMP037,2023-11-10,SKILL_008,3.9,3.6,3.5
SA0401,EMP038,2023-11-10,SKILL_001,3.7,3.0,3.6
SA0402,EMP038,2023-11-10,SKILL_002,3.4,3.3,3.4
SA0403,EMP038,2023-11-10,SKILL_003,3.6,4.1,3.5
SA0404,EMP038,2023-11-10,SKILL_004,4.2,4.4,4.0
SA0405,EMP038,2023-11-10,SKILL_005,4.0,3.7,4.0
SA0406,EMP038,2023-11-10,SKILL_006,3.7,4.1,3.9
SA0407,EMP038,2023-11-10,SKILL_007,3.5,4.0,3.6
SA0408,EMP038,2023-11-10,SKILL_008,3.6,3.2,3.7
SA0409,EMP039,2023-11-10,SKILL_001,4.2,4.0,3.8
SA0410,EMP039,2023-11-10,SKILL_002,4.0,4.3,3.5
SA0411,EMP039,2023-11-10,SKILL_003,3.1,4.3,3.3
SA0412,EMP039,2023-11-10,SKILL_004,3.4,2.4,3.9
SA0413,EMP039,2023-11-10,SKILL_005,2.9,3.0,3.9
SA0414,EMP039,2023-11-10,SKILL_006,4.1,3.1,3.5
SA0415,EMP039,2023-11-10,SKILL_007,3.3,3.2,3.7
SA0416,EMP039,2023-11-10,SKILL_008,3.4,3.4,2.9
SA0417,EMP040,2023-11-10,SKILL_001,4.3,3.8,4.0
SA0418,EMP040,2023-11-10,SKILL_002,4.3,3.0,3.4
SA0419,EMP040,2023-11-10,SKILL_003,2.8,5.0,3.5
SA0420,EMP040,2023-11-10,SKILL_004,4.2,2.8,4.1
SA0421,EMP040,2023-11-10,SKILL_005,4.6,3.5,3.1
SA0422,EMP040,2023-11-10,SKILL_006,3.6,2.2,3.6
SA0423,EMP040,2023-11-10,SKILL_007,4.1,3.5,3.5
SA0424,EMP040,2023-11-10,SKILL_008,4.0,3.9,2.8
SA0425,EMP041,2023-11-10,SKILL_001,3.7,5.0,2.9
SA0426,EMP041,2023-11-10,SKILL_002,3.7,4.7,4.2
SA0427,EMP041,2023-11-10,SKILL_003,3.4,3.6,3.6
SA0428,EMP041,2023-11-10,SKILL_004,3.3,3.5,3.5
SA0429,EMP041,2023-11-10,SKILL_005,3.8,3.1,3.0
SA0430,EMP041,2023-11-10,SKILL_006,3.7,4.5,3.6
SA0431,EMP041,2023-11-10,SKILL_007,3.5,4.0,3.5
SA0432,EMP041,2023-11-10,SKILL_008,4.6,3.5,4.0
SA0433,EMP042,2023-11-10,SKILL_001,3.3,3.8,3.7
SA0434,EMP042,2023-11-10,SKILL_002,3.7,3.2,3.3
SA0435,EMP042,2023-11-10,SKILL_003,3.8,3.9,3.5
SA0436,EMP042,2023-11-10,SKILL_004,3.8,3.5,3.6
SA0437,EMP042,2023-11-10,SKILL_005,3.6,3.5,4.9
SA0438,EMP042,2023-11-10,SKILL_006,3.9,3.9,3.8
SA0439,EMP042,2023-11-10,SKILL_007,3.6,4.3,3.5
SA0440,EMP042,2023-11-10,SKILL_008,4.2,3.3,3.1
SA0441,EMP043,2023-11-10,SKILL_001,3.9,2.8,3.9
SA0442,EMP043,2023-11-10,SKILL_002,3.1,3.3,2.9
SA0443,EMP043,2023-11-10,SKILL_003,5.0,2.5,3.6
SA0444,EMP043,2023-11-10,SKILL_004,4.3,4.1,4.0
SA0445,EMP043,2023-11-10,SKILL_005,3.5,4.3,4.1
SA0446,EMP043,2023-11-10,SKILL_006,3.8,3.6,3.4
SA0447,EMP043,2023-11-10,SKILL_007,3.2,4.2,4.3
SA0448,EMP043,2023-11-10,SKILL_008,3.3,3.4,3.5
SA0449,EMP045,2023-11-10,SKILL_001,3.7,3.5,4.1
SA0450,EMP045,2023-11-10,SKILL_002,3.3,3.0,4.2
SA0451,EMP045,2023-11-10,SKILL_003,3.5,2.7,3.4
SA0452,EMP045,2023-11-10,SKILL_004,3.5,4.4,4.1
SA0453,EMP045,2023-11-10,SKILL_005,4.3,4.0,4.1
SA0454,EMP045,2023-11-10,SKILL_006,3.4,3.4,3.1
SA0455,EMP045,2023-11-10,SKILL_007,3.6,3.9,3.7
SA0456,EMP045,2023-11-10,SKILL_008,4.4,2.8,3.9
SA0457,EMP046,2023-11-10,SKILL_001,3.1,3.6,4.0
SA0458,EMP046,2023-11-10,SKILL_002,3.6,3.8,3.1
SA0459,EMP046,2023-11-10,SKILL_003,2.9,3.8,4.5
SA0460,EMP046,2023-11-10,SKILL_004,3.2,4.2,3.6
SA0461,EMP046,2023-11-10,SKILL_005,3.0,2.8,3.6
SA0462,EMP046,2023-11-10,SKILL_006,3.5,2.7,2.8
SA0463,EMP046,2023-11-10,SKILL_007,3.3,3.6,3.6
SA0464,EMP046,2023-11-10,SKILL_008,3.4,3.6,4.1
SA0465,EMP047,2023-11-10,SKILL_001,3.9,3.4,4.1
SA0466,EMP047,2023-11-10,SKILL_002,3.2,3.4,3.5
SA0467,EMP047,2023-11-10,SKILL_003,3.1,3.2,2.6
SA0468,EMP047,2023-11-10,SKILL_004,4.7,2.9,4.4
SA0469,EMP047,2023-11-10,SKILL_005,3.7,3.8,3.4
SA0470,EMP047,2023-11-10,SKILL_006,3.8,3.9,3.9
SA0471,EMP047,2023-11-10,SKILL_007,4.1,3.3,3.4
SA0472,EMP047,2023-11-10,SKILL_008,2.9,3.8,4.1
SA0473,EMP048,2023-11-10,SKILL_001,4.5,3.7,3.2
SA0474,EMP048,2023-11-10,SKILL_002,2.9,4.1,2.7
SA0475,EMP048,2023-11-10,SKILL_003,3.5,3.4,3.6
SA0476,EMP048,2023-11-10,SKILL_004,3.7,3.6,2.4
SA0477,EMP048,2023-11-10,SKILL_005,3.7,2.2,4.0
SA0478,EMP048,2023-11-10,SKILL_006,3.4,2.2,3.2
SA0479,EMP048,2023-11-10,SKILL_007,3.4,4.2,3.7
SA0480,EMP048,2023-11-10,SKILL_008,3.9,4.2,3.6
SA0481,EMP049,2023-11-10,SKILL_001,4.1,3.9,3.0
SA0482,EMP049,2023-11-10,SKILL_002,4.4,2.6,4.1
SA0483,EMP049,2023-11-10,SKILL_003,2.9,3.9,4.5
SA0484,EMP049,2023-11-10,SKILL_004,3.6,3.3,3.9
SA0485,EMP049,2023-11-10,SKILL_005,3.5,4.6,3.7
SA0486,EMP049,2023-11-10,SKILL_006,3.5,3.2,3.1
SA0487,EMP049,2023-11-10,SKILL_007,3.4,3.3,3.4
SA0488,EMP049,2023-11-10,SKILL_008,3.4,4.8,3.1
SA0489,EMP050,2023-11-10,SKILL_001,3.8,3.9,3.9
SA0490,EMP050,2023-11-10,SKILL_002,3.7,3.4,3.8
SA0491,EMP050,2023-11-10,SKILL_003,3.8,3.3,2.8
SA0492,EMP050,2023-11-10,SKILL_004,3.5,2.8,3.3
SA0493,EMP050,2023-11-10,SKILL_005,3.7,3.7,4.5
SA0494,EMP050,2023-11-10,SKILL_006,3.4,4.0,3.8
SA0495,EMP050,2023-11-10,SKILL_007,4.3,3.8,3.1
SA0496,EMP050,2023-11-10,SKILL_008,2.8,3.7,3.3
SA0497,EMP051,2023-11-10,SKILL_001,3.2,2.7,3.7
SA0498,EMP051,2023-11-10,SKILL_002,4.5,3.3,3.9
SA0499,EMP051,2023-11-10,SKILL_003,3.6,2.7,4.0
SA0500,EMP051,2023-11-10,SKILL_004,3.2,3.5,3.4
SA0501,EMP051,2023-11-10,SKILL_005,4.1,2.9,3.8
SA0502,EMP051,2023-11-10,SKILL_006,3.3,3.2,1.8
SA0503,EMP051,2023-11-10,SKILL_007,4.7,3.8,3.2
SA0504,EMP051,2023-11-10,SKILL_008,3.1,3.2,4.0
SA0505,EMP052,2023-11-10,SKILL_001,2.8,3.4,4.5
SA0506,EMP052,2023-11-10,SKILL_002,3.1,3.5,4.7
SA0507,EMP052,2023-11-10,SKILL_003,4.0,3.6,3.9
SA0508,EMP052,2023-11-10,SKILL_004,3.5,4.3,3.4
SA0509,EMP052,2023-11-10,SKILL_005,2.7,3.3,3.1
SA0510,EMP052,2023-11-10,SKILL_006,3.6,3.3,4.2
SA0511,EMP052,2023-11-10,SKILL_007,4.0,3.7,3.6
SA0512,EMP052,2023-11-10,SKILL_008,3.2,2.2,3.7
SA0513,EMP053,2023-11-10,SKILL_001,4.1,3.4,3.3
SA0514,EMP053,2023-11-10,SKILL_002,3.9,3.5,4.4
SA0515,EMP053,2023-11-10,SKILL_003,4.3,4.1,4.0
SA0516,EMP053,2023-11-10,SKILL_004,3.1,3.9,3.8
SA0517,EMP053,2023-11-10,SKILL_005,4.0,3.8,3.8
SA0518,EMP053,2023-11-10,SKILL_006,5.0,3.5,4.1
SA0519,EMP053,2023-11-10,SKILL_007,3.5,4.0,4.1
SA0520,EMP053,2023-11-10,SKILL_008,3.9,4.5,3.2
SA0521,EMP055,2023-11-10,SKILL_001,3.5,3.6,4.0
SA0522,EMP055,2023-11-10,SKILL_002,3.8,4.3,3.3
SA0523,EMP055,2023-11-10,SKILL_003,3.1,3.7,3.6
SA0524,EMP055,2023-11-10,SKILL_004,4.0,3.5,3.4
SA0525,EMP055,2023-11-10,SKILL_005,3.7,3.5,3.4
SA0526,EMP055,2023-11-10,SKILL_006,3.6,3.3,4.0
SA0527,EMP055,2023-11-10,SKILL_007,3.8,4.9,3.7
SA0528,EMP055,2023-11-10,SKILL_008,3.4,5.0,3.8
SA0529,EMP056,2023-11-10,SKILL_001,4.2,3.9,3.9
SA0530,EMP056,2023-11-10,SKILL_002,4.0,2.8,3.8
SA0531,EMP056,2023-11-10,SKILL_003,3.0,3.4,3.2
SA0532,EMP056,2023-11-10,SKILL_004,3.9,3.7,3.8
SA0533,EMP056,2023-11-10,SKILL_005,3.8,3.1,3.5
SA0534,EMP056,2023-11-10,SKILL_006,4.2,4.1,3.0
SA0535,EMP056,2023-11-10,SKILL_007,2.9,3.1,4.1
SA0536,EMP056,2023-11-10,SKILL_008,4.3,2.9,3.8
SA0537,EMP057,2023-11-10,SKILL_001,4.6,3.7,4.3
SA0538,EMP057,2023-11-10,SKILL_002,4.2,3.0,3.5
SA0539,EMP057,2023-11-10,SKILL_003,3.7,3.6,4.1
SA0540,EMP057,2023-11-10,SKILL_004,3.9,1.7,2.9
SA0541,EMP057,2023-11-10,SKILL_005,2.6,3.6,3.7
SA0542,EMP057,2023-11-10,SKILL_006,3.8,2.9,3.9
SA0543,EMP057,2023-11-10,SKILL_007,4.1,2.7,2.9
SA0544,EMP057,2023-11-10,SKILL_008,3.7,4.6,4.4
SA0545,EMP058,2023-11-10,SKILL_001,4.0,3.1,4.0
SA0546,EMP058,2023-11-10,SKILL_002,3.5,3.0,2.5
SA0547,EMP058,2023-11-10,SKILL_003,3.8,3.1,3.6
SA0548,EMP058,2023-11-10,SKILL_004,2.6,3.6,2.4
SA0549,EMP058,2023-11-10,SKILL_005,4.2,3.8,3.5
SA0550,EMP058,2023-11-10,SKILL_006,4.0,2.9,3.6
SA0551,EMP058,2023-11-10,SKILL_007,4.1,1.6,3.4
SA0552,EMP058,2023-11-10,SKILL_008,3.7,3.4,4.3
SA0553,EMP059,2023-11-10,SKILL_001,3.1,3.1,2.6
SA0554,EMP059,2023-11-10,SKILL_002,4.5,3.4,3.4
SA0555,EMP059,2023-11-10,SKILL_003,3.7,3.9,3.8
SA0556,EMP059,2023-11-10,SKILL_004,5.0,3.8,3.4
SA0557,EMP059,2023-11-10,SKILL_005,3.4,3.3,2.8
SA0558,EMP059,2023-11-10,SKILL_006,3.7,4.0,3.3
SA0559,EMP059,2023-11-10,SKILL_007,3.3,4.4,2.9
SA0560,EMP059,2023-11-10,SKILL_008,2.7,2.8,2.8
SA0561,EMP060,2023-11-10,SKILL_001,3.9,3.3,3.5
SA0562,EMP060,2023-11-10,SKILL_002,4.3,3.1,4.0
SA0563,EMP060,2023-11-10,SKILL_003,4.5,3.2,4.0
SA0564,EMP060,2023-11-10,SKILL_004,3.6,4.1,2.8
SA0565,EMP060,2023-11-10,SKILL_005,2.9,3.3,3.2
SA0566,EMP060,2023-11-10,SKILL_006,3.4,3.4,4.0
SA0567,EMP060,2023-11-10,SKILL_007,3.5,3.0,3.4
SA0568,EMP060,2023-11-10,SKILL_008,3.3,2.9,2.8
SA0569,EMP061,2023-11-10,SKILL_001,3.7,3.2,4.1
SA0570,EMP061,2023-11-10,SKILL_002,3.0,3.2,4.5
SA0571,EMP061,2023-11-10,SKILL_003,3.2,3.4,3.0
SA0572,EMP061,2023-11-10,SKILL_004,3.0,4.4,3.7
SA0573,EMP061,2023-11-10,SKILL_005,3.8,2.5,3.8
SA0574,EMP061,2023-11-10,SKILL_006,4.3,4.2,3.9
SA0575,EMP061,2023-11-10,SKILL_007,3.1,3.7,3.9
SA0576,EMP061,2023-11-10,SKILL_008,2.8,2.8,4.0
SA0577,EMP062,2023-11-10,SKILL_001,4.1,2.6,4.0
SA0578,EMP062,2023-11-10,SKILL_002,3.7,4.0,3.3
SA0579,EMP062,2023-11-10,SKILL_003,4.0,4.0,3.4
SA0580,EMP062,2023-11-10,SKILL_004,3.7,3.1,4.4
SA0581,EMP062,2023-11-10,SKILL_005,3.6,2.9,3.2
SA0582,EMP062,2023-11-10,SKILL_006,3.8,4.0,2.9
SA0583,EMP062,2023-11-10,SKILL_007,4.6,3.7,3.8
SA0584,EMP062,2023-11-10,SKILL_008,3.7,3.5,3.5
SA0585,EMP063,2023-11-10,SKILL_001,4.2,3.5,4.0
SA0586,EMP063,2023-11-10,SKILL_002,3.5,3.6,3.2
SA0587,EMP063,2023-11-10,SKILL_003,4.3,3.0,3.4
SA0588,EMP063,2023-11-10,SKILL_004,3.5,3.3,4.0
SA0589,EMP063,2023-11-10,SKILL_005,3.5,4.3,3.2
SA0590,EMP063,2023-11-10,SKILL_006,3.8,3.0,3.8
SA0591,EMP063,2023-11-10,SKILL_007,3.7,3.4,4.2
SA0592,EMP063,2023-11-10,SKILL_008,3.4,3.9,3.2
SA0593,EMP064,2023-11-10,SKILL_001,3.8,2.8,3.3
SA0594,EMP064,2023-11-10,SKILL_002,3.7,4.6,3.7
SA0595,EMP064,2023-11-10,SKILL_003,4.5,3.6,3.4
SA0596,EMP064,2023-11-10,SKILL_004,4.5,3.8,3.3
SA0597,EMP064,2023-11-10,SKILL_005,3.9,3.3,2.6
SA0598,EMP064,2023-11-10,SKILL_006,4.2,4.2,4.5
SA0599,EMP064,2023-11-10,SKILL_007,3.9,3.4,4.0
SA0600,EMP064,2023-11-10,SKILL_008,4.1,4.5,3.6
SA0601,EMP065,2023-11-10,SKILL_001,3.6,3.1,3.9
SA0602,EMP065,2023-11-10,SKILL_002,2.9,4.0,3.9
SA0603,EMP065,2023-11-10,SKILL_003,4.0,3.6,4.4
SA0604,EMP065,2023-11-10,SKILL_004,4.1,3.1,3.3
SA0605,EMP065,2023-11-10,SKILL_005,3.3,3.8,3.1
SA0606,EMP065,2023-11-10,SKILL_006,4.2,4.3,3.2
SA0607,EMP065,2023-11-10,SKILL_007,3.6,3.5,4.0
SA0608,EMP065,2023-11-10,SKILL_008,4.5,2.5,3.4
SA0609,EMP066,2023-11-10,SKILL_001,3.6,2.7,3.4
SA0610,EMP066,2023-11-10,SKILL_002,3.9,3.3,2.8
SA0611,EMP066,2023-11-10,SKILL_003,5.0,3.7,3.7
SA0612,EMP066,2023-11-10,SKILL_004,3.2,3.7,3.5
SA0613,EMP066,2023-11-10,SKILL_005,2.8,2.9,4.0
SA0614,EMP066,2023-11-10,SKILL_006,4.7,3.7,4.2
SA0615,EMP066,2023-11-10,SKILL_007,3.6,3.4,4.1
SA0616,EMP066,2023-11-10,SKILL_008,4.5,4.3,3.1
SA0617,EMP067,2023-11-10,SKILL_001,3.7,3.7,3.5
SA0618,EMP067,2023-11-10,SKILL_002,3.9,4.0,4.1
SA0619,EMP067,2023-11-10,SKILL_003,4.5,3.3,2.9
SA0620,EMP067,2023-11-10,SKILL_004,3.9,4.6,3.4
SA0621,EMP067,2023-11-10,SKILL_005,4.0,3.9,3.7
SA0622,EMP067,2023-11-10,SKILL_006,3.7,2.9,2.5
SA0623,EMP067,2023-11-10,SKILL_007,3.1,3.3,4.1
SA0624,EMP067,2023-11-10,SKILL_008,3.6,3.2,3.2
SA0625,EMP068,2023-11-10,SKILL_001,4.0,4.3,4.1
SA0626,EMP068,2023-11-10,SKILL_002,4.0,2.6,3.4
SA0627,EMP068,2023-11-10,SKILL_003,4.7,4.2,2.8
SA0628,EMP068,2023-11-10,SKILL_004,3.7,3.7,3.2
SA0629,EMP068,2023-11-10,SKILL_005,2.5,3.6,3.2
SA0630,EMP068,2023-11-10,SKILL_006,3.3,3.3,3.5
SA0631,EMP068,2023-11-10,SKILL_007,3.7,3.0,3.5
SA0632,EMP068,2023-11-10,SKILL_008,2.8,3.7,2.2
SA0633,EMP069,2023-11-10,SKILL_001,3.6,4.1,3.1
SA0634,EMP069,2023-11-10,SKILL_002,4.1,4.2,1.9
SA0635,EMP069,2023-11-10,SKILL_003,3.6,1.8,3.5
SA0636,EMP069,2023-11-10,SKILL_004,3.7,2.0,4.6
SA0637,EMP069,2023-11-10,SKILL_005,3.8,3.0,4.3
SA0638,EMP069,2023-11-10,SKILL_006,2.8,2.8,2.5
SA0639,EMP069,2023-11-10,SKILL_007,4.6,3.7,3.9
SA0640,EMP069,2023-11-10,SKILL_008,3.9,3.8,3.6
SA0641,EMP070,2023-11-10,SKILL_001,3.8,3.6,3.3
SA0642,EMP070,2023-11-10,SKILL_002,3.7,3.7,3.7
SA0643,EMP070,2023-11-10,SKILL_003,3.0,2.7,4.1
SA0644,EMP070,2023-11-10,SKILL_004,3.5,3.9,3.1
SA0645,EMP070,2023-11-10,SKILL_005,3.0,3.0,3.5
SA0646,EMP070,2023-11-10,SKILL_006,3.4,4.3,3.7
SA0647,EMP070,2023-11-10,SKILL_007,4.6,3.7,2.4
SA0648,EMP070,2023-11-10,SKILL_008,4.2,2.6,3.7
SA0649,EMP071,2023-11-10,SKILL_001,3.3,4.8,4.3
SA0650,EMP071,2023-11-10,SKILL_002,3.3,3.4,3.7
SA0651,EMP071,2023-11-10,SKILL_003,4.1,3.5,3.1
SA0652,EMP071,2023-11-10,SKILL_004,3.3,3.5,4.2
SA0653,EMP071,2023-11-10,SKILL_005,3.9,3.0,3.9
SA0654,EMP071,2023-11-10,SKILL_006,3.5,4.0,4.9
SA0655,EMP071,2023-11-10,SKILL_007,3.5,4.0,3.2
SA0656,EMP071,2023-11-10,SKILL_008,3.6,3.5,3.5
SA0657,EMP072,2023-11-10,SKILL_001,4.9,3.3,3.9
SA0658,EMP072,2023-11-10,SKILL_002,2.7,3.8,4.2
SA0659,EMP072,2023-11-10,SKILL_003,3.4,2.0,3.6
SA0660,EMP072,2023-11-10,SKILL_004,3.7,3.9,4.6
SA0661,EMP072,2023-11-10,SKILL_005,3.5,3.0,3.0
SA0662,EMP072,2023-11-10,SKILL_006,3.8,3.8,3.3
SA0663,EMP072,2023-11-10,SKILL_007,4.1,3.8,3.6
SA0664,EMP072,2023-11-10,SKILL_008,3.2,3.2,2.4
SA0665,EMP073,2023-11-10,SKILL_001,3.8,3.5,3.7
SA0666,EMP073,2023-11-10,SKILL_002,4.0,3.7,3.5
SA0667,EMP073,2023-11-10,SKILL_003,3.7,2.7,3.3
SA0668,EMP073,2023-11-10,SKILL_004,3.7,3.1,4.0
SA0669,EMP073,2023-11-10,SKILL_005,3.4,3.6,3.7
SA0670,EMP073,2023-11-10,SKILL_006,4.1,4.0,3.9
SA0671,EMP073,2023-11-10,SKILL_007,2.6,4.2,4.4
SA0672,EMP073,2023-11-10,SKILL_008,3.5,3.6,3.2
SA0673,EMP074,2023-11-10,SKILL_001,2.7,3.1,3.3
SA0674,EMP074,2023-11-10,SKILL_002,3.5,2.9,3.2
SA0675,EMP074,2023-11-10,SKILL_003,3.7,3.0,3.9
SA0676,EMP074,2023-11-10,SKILL_004,4.0,4.9,4.2
SA0677,EMP074,2023-11-10,SKILL_005,3.8,3.1,3.7
SA0678,EMP074,2023-11-10,SKILL_006,3.9,3.2,4.0
SA0679,EMP074,2023-11-10,SKILL_007,3.0,3.4,3.9
SA0680,EMP074,2023-11-10,SKILL_008,3.6,3.4,3.5
SA0681,EMP075,2023-11-10,SKILL_001,3.3,4.2,3.1
SA0682,EMP075,2023-11-10,SKILL_002,3.9,3.7,3.1
SA0683,EMP075,2023-11-10,SKILL_003,3.7,3.0,4.3
SA0684,EMP075,2023-11-10,SKILL_004,3.1,3.1,3.0
SA0685,EMP075,2023-11-10,SKILL_005,3.0,4.5,3.9
SA0686,EMP075,2023-11-10,SKILL_006,3.8,3.1,4.1
SA0687,EMP075,2023-11-10,SKILL_007,3.3,4.0,3.2
SA0688,EMP075,2023-11-10,SKILL_008,3.4,4.0,4.0
SA0689,EMP076,2023-11-10,SKILL_001,4.0,2.9,3.4
SA0690,EMP076,2023-11-10,SKILL_002,3.8,3.0,4.3
SA0691,EMP076,2023-11-10,SKILL_003,2.5,3.0,3.3
SA0692,EMP076,2023-11-10,SKILL_004,2.3,2.7,3.9
SA0693,EMP076,2023-11-10,SKILL_005,3.7,4.4,4.4
SA0694,EMP076,2023-11-10,SKILL_006,3.9,3.7,3.6
SA0695,EMP076,2023-11-10,SKILL_007,2.4,2.7,3.7
SA0696,EMP076,2023-11-10,SKILL_008,4.0,3.7,3.2
SA0697,EMP077,2023-11-10,SKILL_001,4.2,4.4,4.1
SA0698,EMP077,2023-11-10,SKILL_002,4.2,3.2,4.1
SA0699,EMP077,2023-11-10,SKILL_003,3.8,3.8,3.8
SA0700,EMP077,2023-11-10,SKILL_004,3.6,3.0,3.6
SA0701,EMP077,2023-11-10,SKILL_005,4.2,3.2,4.0
SA0702,EMP077,2023-11-10,SKILL_006,4.1,3.3,4.3
SA0703,EMP077,2023-11-10,SKILL_007,3.5,4.4,3.8
SA0704,EMP077,2023-11-10,SKILL_008,3.7,3.0,3.6
SA0705,EMP078,2023-11-10,SKILL_001,3.6,2.7,3.5
SA0706,EMP078,2023-11-10,SKILL_002,3.3,3.9,4.3
SA0707,EMP078,2023-11-10,SKILL_003,3.1,4.5,3.5
SA0708,EMP078,2023-11-10,SKILL_004,3.2,4.0,3.4
SA0709,EMP078,2023-11-10,SKILL_005,3.7,3.3,3.2
SA0710,EMP078,2023-11-10,SKILL_006,4.1,3.3,2.9
SA0711,EMP078,2023-11-10,SKILL_007,4.0,2.8,3.0
SA0712,EMP078,2023-11-10,SKILL_008,4.3,2.8,2.4
SA0713,EMP079,2023-11-10,SKILL_001,4.0,3.3,3.5
SA0714,EMP079,2023-11-10,SKILL_002,3.5,3.6,3.2
SA0715,EMP079,2023-11-10,SKILL_003,4.4,2.6,3.8
SA0716,EMP079,2023-11-10,SKILL_004,4.0,3.0,3.1
SA0717,EMP079,2023-11-10,SKILL_005,4.2,2.9,3.3
SA0718,EMP079,2023-11-10,SKILL_006,4.1,3.5,2.7
SA0719,EMP079,2023-11-10,SKILL_007,4.6,3.2,3.4
SA0720,EMP079,2023-11-10,SKILL_008,3.8,3.9,4.6
SA0721,EMP080,2023-11-10,SKILL_001,2.9,4.0,4.0
SA0722,EMP080,2023-11-10,SKILL_002,3.6,4.0,4.1
SA0723,EMP080,2023-11-10,SKILL_003,3.0,4.5,2.8
SA0724,EMP080,2023-11-10,SKILL_004,3.1,3.3,4.6
SA0725,EMP080,2023-11-10,SKILL_005,3.5,3.5,4.3
SA0726,EMP080,2023-11-10,SKILL_006,3.5,2.8,3.4
SA0727,EMP080,2023-11-10,SKILL_007,4.4,3.5,4.6
SA0728,EMP080,2023-11-10,SKILL_008,4.1,3.1,3.6
SA0729,EMP081,2023-11-10,SKILL_001,3.3,3.1,5.0
SA0730,EMP081,2023-11-10,SKILL_002,4.2,4.0,3.3
SA0731,EMP081,2023-11-10,SKILL_003,4.5,4.2,4.5
SA0732,EMP081,2023-11-10,SKILL_004,4.6,2.6,3.0
SA0733,EMP081,2023-11-10,SKILL_005,3.2,2.9,3.8
SA0734,EMP081,2023-11-10,SKILL_006,3.4,4.7,4.6
SA0735,EMP081,2023-11-10,SKILL_007,3.7,4.7,4.3
SA0736,EMP081,2023-11-10,SKILL_008,3.5,2.3,3.5
SA0737,EMP083,2023-11-10,SKILL_001,3.4,3.6,3.6
SA0738,EMP083,2023-11-10,SKILL_002,3.7,3.8,3.0
SA0739,EMP083,2023-11-10,SKILL_003,3.9,3.2,3.7
SA0740,EMP083,2023-11-10,SKILL_004,4.2,2.8,3.5
SA0741,EMP083,2023-11-10,SKILL_005,3.6,3.2,4.0
SA0742,EMP083,2023-11-10,SKILL_006,3.3,3.2,3.2
SA0743,EMP083,2023-11-10,SKILL_007,4.2,3.2,3.8
SA0744,EMP083,2023-11-10,SKILL_008,4.7,3.5,4.2
SA0745,EMP084,2023-11-10,SKILL_001,4.5,4.1,3.6
SA0746,EMP084,2023-11-10,SKILL_002,4.0,2.7,3.2
SA0747,EMP084,2023-11-10,SKILL_003,3.4,4.8,3.2
SA0748,EMP084,2023-11-10,SKILL_004,3.3,2.9,3.9
SA0749,EMP084,2023-11-10,SKILL_005,3.8,4.2,3.9
SA0750,EMP084,2023-11-10,SKILL_006,3.0,3.0,4.3
SA0751,EMP084,2023-11-10,SKILL_007,3.6,4.2,3.5
SA0752,EMP084,2023-11-10,SKILL_008,3.2,3.3,3.1
SA0753,EMP085,2023-11-10,SKILL_001,3.4,3.6,3.9
SA0754,EMP085,2023-11-10,SKILL_002,2.9,3.5,3.3
SA0755,EMP085,2023-11-10,SKILL_003,3.4,3.6,3.3
SA0756,EMP085,2023-11-10,SKILL_004,4.4,4.2,4.2
SA0757,EMP085,2023-11-10,SKILL_005,3.5,2.9,3.6
SA0758,EMP085,2023-11-10,SKILL_006,3.6,3.1,3.0
SA0759,EMP085,2023-11-10,SKILL_007,3.7,3.3,3.9
SA0760,EMP085,2023-11-10,SKILL_008,4.0,4.2,3.0
SA0761,EMP086,2023-11-10,SKILL_001,3.9,3.1,3.0
SA0762,EMP086,2023-11-10,SKILL_002,3.5,4.1,3.4
SA0763,EMP086,2023-11-10,SKILL_003,4.5,3.8,3.4
SA0764,EMP086,2023-11-10,SKILL_004,4.3,3.8,3.1
SA0765,EMP086,2023-11-10,SKILL_005,4.6,3.7,3.6
SA0766,EMP086,2023-11-10,SKILL_006,3.3,4.2,3.9
SA0767,EMP086,2023-11-10,SKILL_007,4.0,3.2,4.0
SA0768,EMP086,2023-11-10,SKILL_008,4.2,3.1,2.9
SA0769,EMP087,2023-11-10,SKILL_001,4.0,2.6,3.7
SA0770,EMP087,2023-11-10,SKILL_002,3.5,4.2,3.4
SA0771,EMP087,2023-11-10,SKILL_003,4.3,3.2,4.1
SA0772,EMP087,2023-11-10,SKILL_004,4.7,2.9,3.7
SA0773,EMP087,2023-11-10,SKILL_005,5.0,3.5,3.6
SA0774,EMP087,2023-11-10,SKILL_006,4.1,3.5,2.7
SA0775,EMP087,2023-11-10,SKILL_007,4.3,2.3,3.4
SA0776,EMP087,2023-11-10,SKILL_008,4.3,3.3,3.3
SA0777,EMP088,2023-11-10,SKILL_001,4.1,3.0,3.0
SA0778,EMP088,2023-11-10,SKILL_002,3.8,3.4,3.0
SA0779,EMP088,2023-11-10,SKILL_003,4.0,3.8,3.4
SA0780,EMP088,2023-11-10,SKILL_004,3.6,3.8,4.2
SA0781,EMP088,2023-11-10,SKILL_005,3.6,3.9,3.9
SA0782,EMP088,2023-11-10,SKILL_006,4.1,3.5,3.1
SA0783,EMP088,2023-11-10,SKILL_007,3.5,3.7,4.5
SA0784,EMP088,2023-11-10,SKILL_008,3.5,4.0,3.4
SA0785,EMP089,2023-11-10,SKILL_001,3.8,4.4,4.0
SA0786,EMP089,2023-11-10,SKILL_002,3.1,3.2,4.2
SA0787,EMP089,2023-11-10,SKILL_003,3.8,2.8,3.2
SA0788,EMP089,2023-11-10,SKILL_004,4.1,4.1,3.6
SA0789,EMP089,2023-11-10,SKILL_005,4.9,4.0,3.5
SA0790,EMP089,2023-11-10,SKILL_006,3.3,2.9,3.8
SA0791,EMP089,2023-11-10,SKILL_007,3.5,4.5,4.3
SA0792,EMP089,2023-11-10,SKILL_008,4.0,2.8,3.3
SA0793,EMP090,2023-11-10,SKILL_001,4.3,3.2,4.2
SA0794,EMP090,2023-11-10,SKILL_002,3.9,3.5,3.2
SA0795,EMP090,2023-11-10,SKILL_003,3.7,3.6,4.1
SA0796,EMP090,2023-11-10,SKILL_004,3.3,3.3,3.6
SA0797,EMP090,2023-11-10,SKILL_005,4.0,3.0,2.9
SA0798,EMP090,2023-11-10,SKILL_006,4.0,2.6,4.2
SA0799,EMP090,2023-11-10,SKILL_007,3.6,2.6,3.4
SA0800,EMP090,2023-11-10,SKILL_008,3.9,3.2,3.6
SA0801,EMP091,2023-11-10,SKILL_001,4.1,3.4,3.1
SA0802,EMP091,2023-11-10,SKILL_002,3.6,4.3,4.4
SA0803,EMP091,2023-11-10,SKILL_003,2.7,4.2,3.7
SA0804,EMP091,2023-11-10,SKILL_004,4.2,3.2,2.7
SA0805,EMP091,2023-11-10,SKILL_005,4.0,2.9,2.9
SA0806,EMP091,2023-11-10,SKILL_006,3.0,3.9,3.7
SA0807,EMP091,2023-11-10,SKILL_007,4.1,3.9,3.4
SA0808,EMP091,2023-11-10,SKILL_008,3.7,3.2,3.5
SA0809,EMP094,2023-11-10,SKILL_001,3.2,3.7,4.1
SA0810,EMP094,2023-11-10,SKILL_002,3.3,4.3,3.7
SA0811,EMP094,2023-11-10,SKILL_003,3.8,2.5,2.7
SA0812,EMP094,2023-11-10,SKILL_004,3.8,4.0,3.3
SA0813,EMP094,2023-11-10,SKILL_005,4.5,3.9,3.1
SA0814,EMP094,2023-11-10,SKILL_006,3.7,5.0,3.0
SA0815,EMP094,2023-11-10,SKILL_007,4.0,3.3,4.0
SA0816,EMP094,2023-11-10,SKILL_008,4.3,3.3,4.2
SA0817,EMP095,2023-11-10,SKILL_001,4.8,3.5,4.0
SA0818,EMP095,2023-11-10,SKILL_002,3.4,3.5,3.5
SA0819,EMP095,2023-11-10,SKILL_003,4.1,4.2,3.5
SA0820,EMP095,2023-11-10,SKILL_004,4.5,4.4,4.0
SA0821,EMP095,2023-11-10,SKILL_005,3.4,3.1,3.2
SA0822,EMP095,2023-11-10,SKILL_006,4.2,2.8,3.9
SA0823,EMP095,2023-11-10,SKILL_007,3.2,4.0,3.6
SA0824,EMP095,2023-11-10,SKILL_008,4.4,4.2,4.3
SA0825,EMP096,2023-11-10,SKILL_001,4.4,3.6,3.0
SA0826,EMP096,2023-11-10,SKILL_002,3.2,2.2,3.1
SA0827,EMP096,2023-11-10,SKILL_003,3.7,3.2,3.5
SA0828,EMP096,2023-11-10,SKILL_004,3.9,3.3,3.0
SA0829,EMP096,2023-11-10,SKILL_005,3.7,3.0,3.5
SA0830,EMP096,2023-11-10,SKILL_006,4.4,3.3,4.5
SA0831,EMP096,2023-11-10,SKILL_007,4.4,3.2,3.0
SA0832,EMP096,2023-11-10,SKILL_008,3.7,4.2,3.4
SA0833,EMP097,2023-11-10,SKILL_001,4.2,4.2,3.2
SA0834,EMP097,2023-11-10,SKILL_002,3.4,3.9,3.7
SA0835,EMP097,2023-11-10,SKILL_003,3.4,3.3,3.6
SA0836,EMP097,2023-11-10,SKILL_004,2.9,4.0,3.4
SA0837,EMP097,2023-11-10,SKILL_005,2.3,3.5,3.2
SA0838,EMP097,2023-11-10,SKILL_006,4.5,3.1,3.1
SA0839,EMP097,2023-11-10,SKILL_007,4.0,3.1,3.2
SA0840,EMP097,2023-11-10,SKILL_008,4.0,2.9,2.9
SA0841,EMP100,2023-11-10,SKILL_001,4.6,3.8,3.5
SA0842,EMP100,2023-11-10,SKILL_002,3.7,3.8,4.1
SA0843,EMP100,2023-11-10,SKILL_003,3.3,3.7,3.3
SA0844,EMP100,2023-11-10,SKILL_004,3.6,3.6,3.6
SA0845,EMP100,2023-11-10,SKILL_005,4.1,3.8,2.8
SA0846,EMP100,2023-11-10,SKILL_006,3.0,3.3,4.5
SA0847,EMP100,2023-11-10,SKILL_007,3.3,3.4,3.3
SA0848,EMP100,2023-11-10,SKILL_008,3.4,3.6,4.3
SA0849,EMP101,2023-11-10,SKILL_001,3.9,3.0,5.0
SA0850,EMP101,2023-11-10,SKILL_002,3.7,3.2,4.3
SA0851,EMP101,2023-11-10,SKILL_003,3.5,4.5,3.2
SA0852,EMP101,2023-11-10,SKILL_004,4.4,3.6,4.2
SA0853,EMP101,2023-11-10,SKILL_005,4.7,2.8,4.2
SA0854,EMP101,2023-11-10,SKILL_006,3.0,2.9,3.2
SA0855,EMP101,2023-11-10,SKILL_007,4.0,3.5,3.5
SA0856,EMP101,2023-11-10,SKILL_008,3.8,3.9,3.9
SA0857,EMP102,2023-11-10,SKILL_001,4.2,4.6,3.6
SA0858,EMP102,2023-11-10,SKILL_002,3.4,3.9,3.0
SA0859,EMP102,2023-11-10,SKILL_003,3.4,4.1,3.5
SA0860,EMP102,2023-11-10,SKILL_004,3.1,2.6,3.6
SA0861,EMP102,2023-11-10,SKILL_005,4.3,4.2,3.7
SA0862,EMP102,2023-11-10,SKILL_006,4.7,3.4,3.5
SA0863,EMP102,2023-11-10,SKILL_007,2.4,3.2,4.0
SA0864,EMP102,2023-11-10,SKILL_008,4.5,3.0,3.8
SA0865,EMP103,2023-11-10,SKILL_001,4.2,3.5,2.5
SA0866,EMP103,2023-11-10,SKILL_002,3.8,4.0,3.1
SA0867,EMP103,2023-11-10,SKILL_003,3.6,2.8,2.3
SA0868,EMP103,2023-11-10,SKILL_004,4.2,3.5,4.4
SA0869,EMP103,2023-11-10,SKILL_005,4.1,3.3,3.6
SA0870,EMP103,2023-11-10,SKILL_006,4.0,4.1,3.8
SA0871,EMP103,2023-11-10,SKILL_007,4.3,3.3,3.1
SA0872,EMP103,2023-11-10,SKILL_008,3.7,3.6,3.0
SA0873,EMP104,2023-11-10,SKILL_001,3.0,3.8,3.4
SA0874,EMP104,2023-11-10,SKILL_002,3.6,3.3,4.4
SA0875,EMP104,2023-11-10,SKILL_003,4.3,2.8,3.3
SA0876,EMP104,2023-11-10,SKILL_004,4.1,3.9,3.6
SA0877,EMP104,2023-11-10,SKILL_005,3.1,3.1,3.3
SA0878,EMP104,2023-11-10,SKILL_006,3.8,4.5,3.3
SA0879,EMP104,2023-11-10,SKILL_007,3.2,3.4,4.1
SA0880,EMP104,2023-11-10,SKILL_008,3.0,4.4,3.5
SA0881,EMP105,2023-11-10,SKILL_001,3.3,2.5,4.0
SA0882,EMP105,2023-11-10,SKILL_002,3.6,3.6,3.1
SA0883,EMP105,2023-11-10,SKILL_003,3.5,3.2,3.5
SA0884,EMP105,2023-11-10,SKILL_004,3.4,2.6,5.0
SA0885,EMP105,2023-11-10,SKILL_005,3.0,3.6,2.7
SA0886,EMP105,2023-11-10,SKILL_006,2.7,3.6,3.7
SA0887,EMP105,2023-11-10,SKILL_007,4.3,3.7,3.5
SA0888,EMP105,2023-11-10,SKILL_008,3.2,4.4,4.1
SA0889,EMP106,2023-11-10,SKILL_001,3.1,3.5,3.7
SA0890,EMP106,2023-11-10,SKILL_002,3.5,4.0,4.0
SA0891,EMP106,2023-11-10,SKILL_003,3.6,3.3,4.3
SA0892,EMP106,2023-11-10,SKILL_004,4.2,3.5,2.8
SA0893,EMP106,2023-11-10,SKILL_005,3.9,3.9,2.2
SA0894,EMP106,2023-11-10,SKILL_006,3.8,3.2,3.5
SA0895,EMP106,2023-11-10,SKILL_007,3.2,3.4,4.3
SA0896,EMP106,2023-11-10,SKILL_008,3.5,4.1,3.2
SA0897,EMP107,2023-11-10,SKILL_001,4.1,3.5,3.8
SA0898,EMP107,2023-11-10,SKILL_002,3.7,3.9,2.3
SA0899,EMP107,2023-11-10,SKILL_003,3.0,3.8,2.6
SA0900,EMP107,2023-11-10,SKILL_004,3.4,3.5,3.2
SA0901,EMP107,2023-11-10,SKILL_005,3.4,3.7,4.1
SA0902,EMP107,2023-11-10,SKILL_006,3.2,3.2,3.2
SA0903,EMP107,2023-11-10,SKILL_007,2.5,3.6,4.1
SA0904,EMP107,2023-11-10,SKILL_008,4.2,3.0,3.0
SA0905,EMP108,2023-11-10,SKILL_001,3.7,4.0,3.7
SA0906,EMP108,2023-11-10,SKILL_002,3.8,4.2,3.2
SA0907,EMP108,2023-11-10,SKILL_003,3.6,4.5,3.5
SA0908,EMP108,2023-11-10,SKILL_004,3.1,3.1,3.1
SA0909,EMP108,2023-11-10,SKILL_005,3.9,3.0,3.7
SA0910,EMP108,2023-11-10,SKILL_006,3.3,2.2,3.8
SA0911,EMP108,2023-11-10,SKILL_007,3.8,3.8,3.3
SA0912,EMP108,2023-11-10,SKILL_008,3.3,3.7,4.4
SA0913,EMP109,2023-11-10,SKILL_001,3.7,3.8,3.4
SA0914,EMP109,2023-11-10,SKILL_002,2.9,4.1,4.1
SA0915,EMP109,2023-11-10,SKILL_003,4.1,3.4,3.9
SA0916,EMP109,2023-11-10,SKILL_004,4.1,4.5,4.1
SA0917,EMP109,2023-11-10,SKILL_005,3.7,2.7,3.7
SA0918,EMP109,2023-11-10,SKILL_006,3.8,3.9,4.3
SA0919,EMP109,2023-11-10,SKILL_007,3.7,4.8,2.7
SA0920,EMP109,2023-11-10,SKILL_008,3.9,3.0,2.6
SA0921,EMP110,2023-11-10,SKILL_001,3.6,2.6,3.5
SA0922,EMP110,2023-11-10,SKILL_002,3.7,4.2,2.8
SA0923,EMP110,2023-11-10,SKILL_003,4.2,3.6,4.1
SA0924,EMP110,2023-11-10,SKILL_004,3.5,2.7,3.0
SA0925,EMP110,2023-11-10,SKILL_005,3.1,3.8,4.3
SA0926,EMP110,2023-11-10,SKILL_006,3.4,3.9,2.8
SA0927,EMP110,2023-11-10,SKILL_007,3.8,3.9,2.9
SA0928,EMP110,2023-11-10,SKILL_008,3.6,3.9,2.1
SA0929,EMP111,2023-11-10,SKILL_001,4.4,3.7,4.0
SA0930,EMP111,2023-11-10,SKILL_002,3.5,2.5,3.9
SA0931,EMP111,2023-11-10,SKILL_003,3.7,3.5,4.1
SA0932,EMP111,2023-11-10,SKILL_004,4.1,4.7,3.7
SA0933,EMP111,2023-11-10,SKILL_005,3.4,3.4,3.8
SA0934,EMP111,2023-11-10,SKILL_006,4.2,2.6,3.6
SA0935,EMP111,2023-11-10,SKILL_007,4.5,3.4,4.1
SA0936,EMP111,2023-11-10,SKILL_008,3.9,4.1,3.2
SA0937,EMP112,2023-11-10,SKILL_001,3.3,3.5,2.8
SA0938,EMP112,2023-11-10,SKILL_002,3.6,3.7,4.5
SA0939,EMP112,2023-11-10,SKILL_003,3.9,3.9,4.2
SA0940,EMP112,2023-11-10,SKILL_004,3.2,3.4,4.8
SA0941,EMP112,2023-11-10,SKILL_005,3.7,4.2,4.1
SA0942,EMP112,2023-11-10,SKILL_006,3.0,3.7,3.7
SA0943,EMP112,2023-11-10,SKILL_007,3.9,3.0,3.0
SA0944,EMP112,2023-11-10,SKILL_008,3.5,3.4,4.2
SA0945,EMP113,2023-11-10,SKILL_001,4.6,4.3,4.0
SA0946,EMP113,2023-11-10,SKILL_002,3.2,3.3,3.7
SA0947,EMP113,2023-11-10,SKILL_003,3.4,3.8,4.0
SA0948,EMP113,2023-11-10,SKILL_004,4.0,4.1,3.1
SA0949,EMP113,2023-11-10,SKILL_005,4.2,3.1,3.1
SA0950,EMP113,2023-11-10,SKILL_006,4.0,4.2,3.8
SA0951,EMP113,2023-11-10,SKILL_007,3.7,3.7,3.7
SA0952,EMP113,2023-11-10,SKILL_008,3.1,2.8,3.6
SA0953,EMP114,2023-11-10,SKILL_001,3.7,3.5,3.9
SA0954,EMP114,2023-11-10,SKILL_002,3.6,3.8,3.5
SA0955,EMP114,2023-11-10,SKILL_003,4.6,3.5,4.8
SA0956,EMP114,2023-11-10,SKILL_004,3.9,3.4,3.2
SA0957,EMP114,2023-11-10,SKILL_005,3.0,2.9,3.2
SA0958,EMP114,2023-11-10,SKILL_006,3.9,3.2,3.7
SA0959,EMP114,2023-11-10,SKILL_007,4.3,3.4,4.6
SA0960,EMP114,2023-11-10,SKILL_008,3.1,3.4,3.3
SA0961,EMP115,2023-11-10,SKILL_001,4.2,2.2,2.9
SA0962,EMP115,2023-11-10,SKILL_002,3.6,4.4,3.7
SA0963,EMP115,2023-11-10,SKILL_003,3.0,2.8,4.4
SA0964,EMP115,2023-11-10,SKILL_004,3.4,2.9,4.3
SA0965,EMP115,2023-11-10,SKILL_005,4.2,4.3,3.1
SA0966,EMP115,2023-11-10,SKILL_006,2.9,3.6,3.8
SA0967,EMP115,2023-11-10,SKILL_007,3.9,4.4,2.7
SA0968,EMP115,2023-11-10,SKILL_008,4.1,2.8,4.0
SA0969,EMP116,2023-11-10,SKILL_001,3.5,3.0,3.3
SA0970,EMP116,2023-11-10,SKILL_002,3.0,3.5,3.2
SA0971,EMP116,2023-11-10,SKILL_003,4.1,3.9,4.4
SA0972,EMP116,2023-11-10,SKILL_004,3.9,3.8,4.3
SA0973,EMP116,2023-11-10,SKILL_005,3.4,2.6,3.7
SA0974,EMP116,2023-11-10,SKILL_006,3.0,5.0,4.3
SA0975,EMP116,2023-11-10,SKILL_007,4.8,3.5,3.9
SA0976,EMP116,2023-11-10,SKILL_008,3.5,4.0,3.0
SA0977,EMP117,2023-11-10,SKILL_001,2.4,3.0,2.9
SA0978,EMP117,2023-11-10,SKILL_002,4.4,4.6,2.9
SA0979,EMP117,2023-11-10,SKILL_003,4.3,4.1,2.8
SA0980,EMP117,2023-11-10,SKILL_004,3.5,3.2,4.0
SA0981,EMP117,2023-11-10,SKILL_005,3.1,3.4,3.3
SA0982,EMP117,2023-11-10,SKILL_006,3.9,3.4,3.3
SA0983,EMP117,2023-11-10,SKILL_007,3.6,4.7,3.4
SA0984,EMP117,2023-11-10,SKILL_008,3.2,3.9,3.5
SA0985,EMP119,2023-11-10,SKILL_001,3.0,4.8,3.4
SA0986,EMP119,2023-11-10,SKILL_002,3.5,3.6,4.5
SA0987,EMP119,2023-11-10,SKILL_003,2.9,3.7,4.6
SA0988,EMP119,2023-11-10,SKILL_004,3.8,2.8,3.3
SA0989,EMP119,2023-11-10,SKILL_005,3.8,4.3,3.4
SA0990,EMP119,2023-11-10,SKILL_006,4.1,2.6,2.9
SA0991,EMP119,2023-11-10,SKILL_007,3.5,4.4,3.6
SA0992,EMP119,2023-11-10,SKILL_008,3.8,3.7,4.2
SA0993,EMP120,2023-11-10,SKILL_001,3.4,3.9,3.2
SA0994,EMP120,2023-11-10,SKILL_002,4.7,3.0,3.2
SA0995,EMP120,2023-11-10,SKILL_003,4.0,3.5,3.8
SA0996,EMP120,2023-11-10,SKILL_004,3.8,2.8,4.4
SA0997,EMP120,2023-11-10,SKILL_005,4.1,4.3,3.3
SA0998,EMP120,2023-11-10,SKILL_006,3.9,3.6,4.2
SA0999,EMP120,2023-11-10,SKILL_007,4.3,3.6,2.8
SA1000,EMP120,2023-11-10,SKILL_008,4.6,3.8,3.3
SA1001,EMP121,2023-11-10,SKILL_001,3.9,2.6,4.1
SA1002,EMP121,2023-11-10,SKILL_002,3.0,3.4,3.7
SA1003,EMP121,2023-11-10,SKILL_003,4.2,3.6,3.9
SA1004,EMP121,2023-11-10,SKILL_004,3.7,3.5,3.6
SA1005,EMP121,2023-11-10,SKILL_005,3.6,2.5,3.2
SA1006,EMP121,2023-11-10,SKILL_006,3.8,3.4,3.5
SA1007,EMP121,2023-11-10,SKILL_007,3.5,3.0,3.4
SA1008,EMP121,2023-11-10,SKILL_008,3.5,3.5,3.8
SA1009,EMP123,2023-11-10,SKILL_001,3.6,2.9,2.9
SA1010,EMP123,2023-11-10,SKILL_002,5.0,2.8,3.3
SA1011,EMP123,2023-11-10,SKILL_003,4.0,3.7,3.9
SA1012,EMP123,2023-11-10,SKILL_004,3.5,3.6,3.6
SA1013,EMP123,2023-11-10,SKILL_005,3.5,3.6,4.1
SA1014,EMP123,2023-11-10,SKILL_006,3.7,3.5,4.1
SA1015,EMP123,2023-11-10,SKILL_007,4.2,4.5,2.7
SA1016,EMP123,2023-11-10,SKILL_008,4.2,3.9,3.2
SA1017,EMP124,2023-11-10,SKILL_001,3.8,4.1,3.2
SA1018,EMP124,2023-11-10,SKILL_002,3.9,4.0,3.1
SA1019,EMP124,2023-11-10,SKILL_003,3.6,3.7,3.2
SA1020,EMP124,2023-11-10,SKILL_004,3.3,3.4,4.0
SA1021,EMP124,2023-11-10,SKILL_005,4.0,3.0,3.9
SA1022,EMP124,2023-11-10,SKILL_006,3.3,2.5,3.4
SA1023,EMP124,2023-11-10,SKILL_007,4.3,3.9,3.6
SA1024,EMP124,2023-11-10,SKILL_008,3.5,3.3,3.7
SA1025,EMP125,2023-11-10,SKILL_001,3.2,3.3,3.5
SA1026,EMP125,2023-11-10,SKILL_002,3.0,3.0,3.8
SA1027,EMP125,2023-11-10,SKILL_003,3.7,3.3,3.1
SA1028,EMP125,2023-11-10,SKILL_004,4.5,3.0,3.7
SA1029,EMP125,2023-11-10,SKILL_005,3.5,3.5,3.8
SA1030,EMP125,2023-11-10,SKILL_006,3.0,3.5,4.2
SA1031,EMP125,2023-11-10,SKILL_007,4.6,3.4,3.6
SA1032,EMP125,2023-11-10,SKILL_008,4.8,4.2,3.3
SA1033,EMP126,2023-11-10,SKILL_001,3.4,4.1,3.1
SA1034,EMP126,2023-11-10,SKILL_002,4.2,3.7,3.9
SA1035,EMP126,2023-11-10,SKILL_003,3.6,3.1,4.3
SA1036,EMP126,2023-11-10,SKILL_004,3.6,3.3,3.6
SA1037,EMP126,2023-11-10,SKILL_005,3.8,2.9,3.3
SA1038,EMP126,2023-11-10,SKILL_006,3.4,4.0,3.2
SA1039,EMP126,2023-11-10,SKILL_007,2.8,2.3,2.9
SA1040,EMP126,2023-11-10,SKILL_008,4.4,3.5,3.9
SA1041,EMP127,2023-11-10,SKILL_001,4.0,3.5,3.6
SA1042,EMP127,2023-11-10,SKILL_002,4.2,3.6,4.3
SA1043,EMP127,2023-11-10,SKILL_003,4.0,3.1,3.4
SA1044,EMP127,2023-11-10,SKILL_004,3.3,4.2,3.4
SA1045,EMP127,2023-11-10,SKILL_005,3.3,3.7,3.6
SA1046,EMP127,2023-11-10,SKILL_006,3.8,4.6,4.1
SA1047,EMP127,2023-11-10,SKILL_007,3.7,2.7,3.4
SA1048,EMP127,2023-11-10,SKILL_008,4.1,2.8,4.7
SA1049,EMP128,2023-11-10,SKILL_001,3.7,3.5,3.3
SA1050,EMP128,2023-11-10,SKILL_002,3.9,2.8,4.7
SA1051,EMP128,2023-11-10,SKILL_003,4.4,4.1,2.9
SA1052,EMP128,2023-11-10,SKILL_004,3.8,4.2,3.9
SA1053,EMP128,2023-11-10,SKILL_005,3.2,3.1,3.4
SA1054,EMP128,2023-11-10,SKILL_006,3.4,4.4,2.6
SA1055,EMP128,2023-11-10,SKILL_007,4.0,2.7,3.1
SA1056,EMP128,2023-11-10,SKILL_008,2.7,3.2,4.4
SA1057,EMP129,2023-11-10,SKILL_001,3.8,2.8,4.1
SA1058,EMP129,2023-11-10,SKILL_002,4.3,3.6,4.6
SA1059,EMP129,2023-11-10,SKILL_003,4.1,3.9,3.2
SA1060,EMP129,2023-11-10,SKILL_004,4.0,3.6,3.9
SA1061,EMP129,2023-11-10,SKILL_005,3.4,3.6,3.2
SA1062,EMP129,2023-11-10,SKILL_006,2.6,4.1,2.8
SA1063,EMP129,2023-11-10,SKILL_007,3.8,3.7,3.8
SA1064,EMP129,2023-11-10,SKILL_008,3.6,3.7,3.8
SA1065,EMP130,2023-11-10,SKILL_001,4.1,4.5,3.7
SA1066,EMP130,2023-11-10,SKILL_002,3.7,3.0,3.8
SA1067,EMP130,2023-11-10,SKILL_003,4.0,3.4,3.9
SA1068,EMP130,2023-11-10,SKILL_004,3.6,3.9,4.1
SA1069,EMP130,2023-11-10,SKILL_005,4.1,3.6,3.1
SA1070,EMP130,2023-11-10,SKILL_006,3.4,3.9,4.8
SA1071,EMP130,2023-11-10,SKILL_007,3.5,3.8,3.3
SA1072,EMP130,2023-11-10,SKILL_008,3.2,3.1,2.6
SA1073,EMP131,2023-11-10,SKILL_001,4.4,2.2,3.5
SA1074,EMP131,2023-11-10,SKILL_002,3.1,3.0,4.3
SA1075,EMP131,2023-11-10,SKILL_003,3.8,2.9,3.3
SA1076,EMP131,2023-11-10,SKILL_004,3.3,3.5,3.7
SA1077,EMP131,2023-11-10,SKILL_005,4.6,2.4,3.6
SA1078,EMP131,2023-11-10,SKILL_006,3.5,4.1,3.8
SA1079,EMP131,2023-11-10,SKILL_007,4.0,3.7,3.1
SA1080,EMP131,2023-11-10,SKILL_008,4.3,4.0,4.1
SA1081,EMP133,2023-11-10,SKILL_001,4.3,3.8,4.3
SA1082,EMP133,2023-11-10,SKILL_002,3.9,3.4,3.6
SA1083,EMP133,2023-11-10,SKILL_003,3.7,3.2,4.4
SA1084,EMP133,2023-11-10,SKILL_004,3.8,3.6,3.8
SA1085,EMP133,2023-11-10,SKILL_005,5.0,2.8,3.2
SA1086,EMP133,2023-11-10,SKILL_006,3.0,3.4,3.7
SA1087,EMP133,2023-11-10,SKILL_007,3.5,3.2,3.7
SA1088,EMP133,2023-11-10,SKILL_008,3.4,3.7,4.2
SA1089,EMP134,2023-11-10,SKILL_001,4.0,4.0,4.1
SA1090,EMP134,2023-11-10,SKILL_002,3.8,3.4,3.2
SA1091,EMP134,2023-11-10,SKILL_003,3.5,3.2,4.0
SA1092,EMP134,2023-11-10,SKILL_004,3.9,3.9,3.0
SA1093,EMP134,2023-11-10,SKILL_005,4.4,3.2,3.0
SA1094,EMP134,2023-11-10,SKILL_006,3.5,5.0,3.4
SA1095,EMP134,2023-11-10,SKILL_007,3.5,3.4,3.5
SA1096,EMP134,2023-11-10,SKILL_008,3.3,3.6,4.1
SA1097,EMP135,2023-11-10,SKILL_001,3.9,2.8,3.4
SA1098,EMP135,2023-11-10,SKILL_002,3.4,3.5,4.3
SA1099,EMP135,2023-11-10,SKILL_003,3.6,3.4,4.5
SA1100,EMP135,2023-11-10,SKILL_004,4.1,3.8,4.6
SA1101,EMP135,2023-11-10,SKILL_005,3.9,2.3,4.0
SA1102,EMP135,2023-11-10,SKILL_006,2.9,3.8,2.7
SA1103,EMP135,2023-11-10,SKILL_007,3.5,3.3,3.2
SA1104,EMP135,2023-11-10,SKILL_008,3.5,4.1,3.2
SA1105,EMP136,2023-11-10,SKILL_001,4.0,2.9,3.5
SA1106,EMP136,2023-11-10,SKILL_002,3.9,2.9,2.9
SA1107,EMP136,2023-11-10,SKILL_003,3.9,4.2,3.6
SA1108,EMP136,2023-11-10,SKILL_004,3.5,3.6,3.6
SA1109,EMP136,2023-11-10,SKILL_005,3.8,2.0,3.1
SA1110,EMP136,2023-11-10,SKILL_006,3.3,3.6,3.7
SA1111,EMP136,2023-11-10,SKILL_007,4.0,3.7,2.9
SA1112,EMP136,2023-11-10,SKILL_008,4.4,4.3,3.0
SA1113,EMP137,2023-11-10,SKILL_001,3.9,3.1,3.7
SA1114,EMP137,2023-11-10,SKILL_002,4.2,4.8,4.0
SA1115,EMP137,2023-11-10,SKILL_003,3.8,3.3,3.7
SA1116,EMP137,2023-11-10,SKILL_004,4.4,3.5,3.2
SA1117,EMP137,2023-11-10,SKILL_005,2.9,3.8,3.7
SA1118,EMP137,2023-11-10,SKILL_006,3.4,4.1,3.4
SA1119,EMP137,2023-11-10,SKILL_007,3.6,3.5,3.4
SA1120,EMP137,2023-11-10,SKILL_008,3.8,4.2,3.0
SA1121,EMP138,2023-11-10,SKILL_001,3.9,3.6,3.7
SA1122,EMP138,2023-11-10,SKILL_002,4.1,3.5,3.8
SA1123,EMP138,2023-11-10,SKILL_003,4.1,3.2,3.7
SA1124,EMP138,2023-11-10,SKILL_004,3.6,3.4,3.4
SA1125,EMP138,2023-11-10,SKILL_005,3.9,3.5,3.8
SA1126,EMP138,2023-11-10,SKILL_006,3.7,2.5,3.6
SA1127,EMP138,2023-11-10,SKILL_007,3.7,3.6,3.3
SA1128,EMP138,2023-11-10,SKILL_008,3.1,3.9,3.5
SA1129,EMP139,2023-11-10,SKILL_001,3.8,3.3,3.6
SA1130,EMP139,2023-11-10,SKILL_002,3.5,2.9,3.8
SA1131,EMP139,2023-11-10,SKILL_003,3.4,3.6,3.8
SA1132,EMP139,2023-11-10,SKILL_004,3.4,2.8,4.8
SA1133,EMP139,2023-11-10,SKILL_005,3.4,3.9,4.6
SA1134,EMP139,2023-11-10,SKILL_006,4.1,3.3,3.6
SA1135,EMP139,2023-11-10,SKILL_007,3.3,4.0,3.9
SA1136,EMP139,2023-11-10,SKILL_008,3.4,2.9,2.9
SA1137,EMP140,2023-11-10,SKILL_001,4.2,3.6,3.7
SA1138,EMP140,2023-11-10,SKILL_002,3.3,2.6,4.1
SA1139,EMP140,2023-11-10,SKILL_003,3.7,4.0,3.4
SA1140,EMP140,2023-11-10,SKILL_004,3.6,3.9,4.0
SA1141,EMP140,2023-11-10,SKILL_005,4.1,3.3,3.9
SA1142,EMP140,2023-11-10,SKILL_006,4.3,3.4,3.3
SA1143,EMP140,2023-11-10,SKILL_007,4.4,3.1,3.9
SA1144,EMP140,2023-11-10,SKILL_008,3.7,2.4,4.2
SA1145,EMP141,2023-11-10,SKILL_001,2.3,2.3,3.9
SA1146,EMP141,2023-11-10,SKILL_002,4.0,3.1,3.7
SA1147,EMP141,2023-11-10,SKILL_003,2.4,3.9,3.7
SA1148,EMP141,2023-11-10,SKILL_004,3.7,3.5,3.8
SA1149,EMP141,2023-11-10,SKILL_005,3.7,2.4,4.7
SA1150,EMP141,2023-11-10,SKILL_006,4.3,2.7,3.4
SA1151,EMP141,2023-11-10,SKILL_007,3.6,4.1,2.5
SA1152,EMP141,2023-11-10,SKILL_008,3.5,2.4,3.5
SA1153,EMP142,2023-11-10,SKILL_001,3.5,3.5,3.3
SA1154,EMP142,2023-11-10,SKILL_002,3.3,3.9,3.8
SA1155,EMP142,2023-11-10,SKILL_003,4.0,3.4,3.3
SA1156,EMP142,2023-11-10,SKILL_004,3.6,3.8,2.5
SA1157,EMP142,2023-11-10,SKILL_005,3.9,3.7,3.6
SA1158,EMP142,2023-11-10,SKILL_006,3.6,2.0,3.4
SA1159,EMP142,2023-11-10,SKILL_007,4.6,3.5,3.4
SA1160,EMP142,2023-11-10,SKILL_008,3.7,3.7,3.9
SA1161,EMP143,2023-11-10,SKILL_001,3.6,3.8,4.4
SA1162,EMP143,2023-11-10,SKILL_002,4.2,4.9,3.3
SA1163,EMP143,2023-11-10,SKILL_003,4.5,3.0,3.8
SA1164,EMP143,2023-11-10,SKILL_004,4.1,3.2,3.6
SA1165,EMP143,2023-11-10,SKILL_005,4.2,3.1,4.4
SA1166,EMP143,2023-11-10,SKILL_006,3.0,4.7,4.1
SA1167,EMP143,2023-11-10,SKILL_007,3.7,3.3,3.3
SA1168,EMP143,2023-11-10,SKILL_008,3.6,3.5,4.2
SA1169,EMP144,2023-11-10,SKILL_001,4.7,3.6,3.2
SA1170,EMP144,2023-11-10,SKILL_002,3.4,3.4,3.1
SA1171,EMP144,2023-11-10,SKILL_003,3.1,4.8,3.8
SA1172,EMP144,2023-11-10,SKILL_004,3.3,4.0,3.0
SA1173,EMP144,2023-11-10,SKILL_005,3.2,3.0,4.4
SA1174,EMP144,2023-11-10,SKILL_006,3.6,2.0,4.2
SA1175,EMP144,2023-11-10,SKILL_007,3.5,2.4,3.4
SA1176,EMP144,2023-11-10,SKILL_008,4.0,3.7,4.5
SA1177,EMP145,2023-11-10,SKILL_001,3.3,3.5,3.3
SA1178,EMP145,2023-11-10,SKILL_002,2.9,4.0,3.8
SA1179,EMP145,2023-11-10,SKILL_003,3.8,3.8,3.3
SA1180,EMP145,2023-11-10,SKILL_004,3.2,3.5,4.2
SA1181,EMP145,2023-11-10,SKILL_005,4.5,4.0,3.6
SA1182,EMP145,2023-11-10,SKILL_006,3.8,3.5,3.1
SA1183,EMP145,2023-11-10,SKILL_007,3.7,2.7,3.5
SA1184,EMP145,2023-11-10,SKILL_008,4.5,4.0,3.1
SA1185,EMP146,2023-11-10,SKILL_001,3.7,3.0,3.6
SA1186,EMP146,2023-11-10,SKILL_002,4.2,3.9,4.8
SA1187,EMP146,2023-11-10,SKILL_003,4.3,3.6,3.9
SA1188,EMP146,2023-11-10,SKILL_004,3.6,2.8,4.3
SA1189,EMP146,2023-11-10,SKILL_005,4.2,3.4,3.7
SA1190,EMP146,2023-11-10,SKILL_006,4.3,4.0,2.9
SA1191,EMP146,2023-11-10,SKILL_007,3.8,3.4,4.2
SA1192,EMP146,2023-11-10,SKILL_008,4.2,4.3,3.0
SA1193,EMP147,2023-11-10,SKILL_001,3.3,4.2,3.3
SA1194,EMP147,2023-11-10,SKILL_002,2.9,3.8,3.3
SA1195,EMP147,2023-11-10,SKILL_003,4.6,3.7,3.7
SA1196,EMP147,2023-11-10,SKILL_004,3.5,4.5,3.8
SA1197,EMP147,2023-11-10,SKILL_005,3.5,3.0,3.6
SA1198,EMP147,2023-11-10,SKILL_006,3.2,4.1,2.7
SA1199,EMP147,2023-11-10,SKILL_007,3.6,3.9,3.8
SA1200,EMP147,2023-11-10,SKILL_008,3.3,3.9,3.2
SA1201,EMP148,2023-11-10,SKILL_001,3.7,3.9,3.8
SA1202,EMP148,2023-11-10,SKILL_002,3.4,4.2,3.6
SA1203,EMP148,2023-11-10,SKILL_003,4.1,4.4,4.2
SA1204,EMP148,2023-11-10,SKILL_004,4.3,3.6,4.0
SA1205,EMP148,2023-11-10,SKILL_005,3.8,2.8,3.8
SA1206,EMP148,2023-11-10,SKILL_006,3.8,3.9,3.5
SA1207,EMP148,2023-11-10,SKILL_007,3.3,3.9,2.9
SA1208,EMP148,2023-11-10,SKILL_008,4.4,3.4,3.7
SA1209,EMP149,2023-11-10,SKILL_001,4.0,3.9,2.9
SA1210,EMP149,2023-11-10,SKILL_002,4.1,3.7,3.3
SA1211,EMP149,2023-11-10,SKILL_003,3.3,3.3,3.0
SA1212,EMP149,2023-11-10,SKILL_004,4.6,4.4,3.8
SA1213,EMP149,2023-11-10,SKILL_005,3.6,3.4,4.0
SA1214,EMP149,2023-11-10,SKILL_006,4.6,3.2,3.0
SA1215,EMP149,2023-11-10,SKILL_007,4.5,2.4,3.1
SA1216,EMP149,2023-11-10,SKILL_008,3.6,2.6,4.2
SA1217,EMP150,2023-11-10,SKILL_001,4.1,3.2,4.2
SA1218,EMP150,2023-11-10,SKILL_002,4.4,3.4,3.4
SA1219,EMP150,2023-11-10,SKILL_003,4.8,3.9,3.7
SA1220,EMP150,2023-11-10,SKILL_004,4.4,3.7,3.3
SA1221,EMP150,2023-11-10,SKILL_005,3.7,4.1,2.6
SA1222,EMP150,2023-11-10,SKILL_006,3.6,4.3,3.3
SA1223,EMP150,2023-11-10,SKILL_007,4.5,4.3,3.6
SA1224,EMP150,2023-11-10,SKILL_008,3.4,3.3,4.9
SA1225,EMP151,2023-11-10,SKILL_001,4.6,3.6,3.3
SA1226,EMP151,2023-11-10,SKILL_002,3.8,3.6,3.0
SA1227,EMP151,2023-11-10,SKILL_003,3.7,4.3,2.7
SA1228,EMP151,2023-11-10,SKILL_004,4.1,4.3,3.3
SA1229,EMP151,2023-11-10,SKILL_005,4.5,3.1,3.8
SA1230,EMP151,2023-11-10,SKILL_006,3.5,3.3,3.3
SA1231,EMP151,2023-11-10,SKILL_007,4.0,4.0,3.6
SA1232,EMP151,2023-11-10,SKILL_008,3.0,3.7,3.8
SA1233,EMP152,2023-11-10,SKILL_001,3.6,4.6,2.8
SA1234,EMP152,2023-11-10,SKILL_002,2.6,3.1,4.0
SA1235,EMP152,2023-11-10,SKILL_003,3.2,2.9,4.1
SA1236,EMP152,2023-11-10,SKILL_004,3.9,3.7,4.0
SA1237,EMP152,2023-11-10,SKILL_005,3.5,3.3,4.0
SA1238,EMP152,2023-11-10,SKILL_006,3.0,2.2,3.4
SA1239,EMP152,2023-11-10,SKILL_007,4.2,3.7,4.0
SA1240,EMP152,2023-11-10,SKILL_008,2.7,3.7,3.9
SA1241,EMP153,2023-11-10,SKILL_001,3.0,4.0,3.5
SA1242,EMP153,2023-11-10,SKILL_002,5.0,2.2,4.3
SA1243,EMP153,2023-11-10,SKILL_003,3.5,2.5,3.3
SA1244,EMP153,2023-11-10,SKILL_004,3.8,4.1,4.5
SA1245,EMP153,2023-11-10,SKILL_005,4.4,2.9,4.2
SA1246,EMP153,2023-11-10,SKILL_006,3.9,3.1,3.5
SA1247,EMP153,2023-11-10,SKILL_007,3.3,3.5,3.2
SA1248,EMP153,2023-11-10,SKILL_008,3.2,3.8,3.9
SA1249,EMP154,2023-11-10,SKILL_001,3.6,4.3,3.5
SA1250,EMP154,2023-11-10,SKILL_002,3.5,3.9,3.5
SA1251,EMP154,2023-11-10,SKILL_003,3.7,2.0,3.6
SA1252,EMP154,2023-11-10,SKILL_004,2.8,2.8,2.9
SA1253,EMP154,2023-11-10,SKILL_005,3.2,3.2,3.4
SA1254,EMP154,2023-11-10,SKILL_006,4.0,3.6,2.6
SA1255,EMP154,2023-11-10,SKILL_007,3.7,3.7,3.4
SA1256,EMP154,2023-11-10,SKILL_008,3.7,3.6,4.0
SA1257,EMP155,2023-11-10,SKILL_001,2.9,3.4,4.4
SA1258,EMP155,2023-11-10,SKILL_002,4.4,4.0,3.9
SA1259,EMP155,2023-11-10,SKILL_003,4.5,4.7,3.5
SA1260,EMP155,2023-11-10,SKILL_004,3.2,3.3,5.0
SA1261,EMP155,2023-11-10,SKILL_005,2.9,3.2,2.9
SA1262,EMP155,2023-11-10,SKILL_006,3.8,2.8,3.5
SA1263,EMP155,2023-11-10,SKILL_007,2.7,3.9,4.2
SA1264,EMP155,2023-11-10,SKILL_008,3.5,3.4,3.5
SA1265,EMP156,2023-11-10,SKILL_001,3.8,3.5,4.0
SA1266,EMP156,2023-11-10,SKILL_002,4.3,3.0,3.4
SA1267,EMP156,2023-11-10,SKILL_003,4.2,2.6,2.6
SA1268,EMP156,2023-11-10,SKILL_004,3.8,3.8,3.2
SA1269,EMP156,2023-11-10,SKILL_005,3.4,3.0,3.2
SA1270,EMP156,2023-11-10,SKILL_006,4.0,2.8,3.5
SA1271,EMP156,2023-11-10,SKILL_007,3.2,2.6,4.0
SA1272,EMP156,2023-11-10,SKILL_008,3.4,3.6,2.8
SA1273,EMP157,2023-11-10,SKILL_001,3.3,4.0,4.9
SA1274,EMP157,2023-11-10,SKILL_002,2.7,3.4,3.8
SA1275,EMP157,2023-11-10,SKILL_003,3.4,4.0,3.2
SA1276,EMP157,2023-11-10,SKILL_004,3.8,3.2,4.2
SA1277,EMP157,2023-11-10,SKILL_005,3.4,3.3,4.1
SA1278,EMP157,2023-11-10,SKILL_006,3.2,3.5,2.7
SA1279,EMP157,2023-11-10,SKILL_007,3.2,3.7,3.1
SA1280,EMP157,2023-11-10,SKILL_008,3.4,3.8,3.3
SA1281,EMP158,2023-11-10,SKILL_001,4.1,3.6,3.8
SA1282,EMP158,2023-11-10,SKILL_002,4.3,3.7,4.4
SA1283,EMP158,2023-11-10,SKILL_003,4.2,3.2,4.2
SA1284,EMP158,2023-11-10,SKILL_004,3.8,3.3,3.7
SA1285,EMP158,2023-11-10,SKILL_005,4.3,3.8,4.5
SA1286,EMP158,2023-11-10,SKILL_006,4.2,3.8,3.1
SA1287,EMP158,2023-11-10,SKILL_007,3.6,3.5,3.9
SA1288,EMP158,2023-11-10,SKILL_008,4.0,3.6,3.7
SA1289,EMP159,2023-11-10,SKILL_001,4.1,3.0,4.4
SA1290,EMP159,2023-11-10,SKILL_002,2.7,4.4,3.6
SA1291,EMP159,2023-11-10,SKILL_003,4.2,3.7,3.8
SA1292,EMP159,2023-11-10,SKILL_004,4.0,4.0,3.4
SA1293,EMP159,2023-11-10,SKILL_005,4.2,2.8,3.6
SA1294,EMP159,2023-11-10,SKILL_006,4.1,4.1,3.8
SA1295,EMP159,2023-11-10,SKILL_007,3.5,4.0,3.3
SA1296,EMP159,2023-11-10,SKILL_008,4.6,3.4,2.8
SA1297,EMP160,2023-11-10,SKILL_001,3.1,3.5,3.7
SA1298,EMP160,2023-11-10,SKILL_002,4.7,2.9,3.6
SA1299,EMP160,2023-11-10,SKILL_003,3.2,3.2,4.4
SA1300,EMP160,2023-11-10,SKILL_004,3.1,3.9,3.8
SA1301,EMP160,2023-11-10,SKILL_005,3.7,3.8,3.0
SA1302,EMP160,2023-11-10,SKILL_006,4.5,4.7,3.6
SA1303,EMP160,2023-11-10,SKILL_007,4.9,3.3,3.8
SA1304,EMP160,2023-11-10,SKILL_008,4.4,3.2,2.9
SA1305,EMP161,2023-11-10,SKILL_001,2.9,4.7,3.3
SA1306,EMP161,2023-11-10,SKILL_002,3.6,2.8,4.1
SA1307,EMP161,2023-11-10,SKILL_003,3.3,3.2,3.7
SA1308,EMP161,2023-11-10,SKILL_004,3.2,3.4,4.3
SA1309,EMP161,2023-11-10,SKILL_005,3.9,3.6,3.7
SA1310,EMP161,2023-11-10,SKILL_006,3.5,4.7,3.2
SA1311,EMP161,2023-11-10,SKILL_007,3.8,3.6,4.1
SA1312,EMP161,2023-11-10,SKILL_008,4.3,3.5,3.7
SA1313,EMP162,2023-11-10,SKILL_001,3.9,2.1,2.8
SA1314,EMP162,2023-11-10,SKILL_002,3.4,3.2,3.0
SA1315,EMP162,2023-11-10,SKILL_003,4.1,3.5,3.5
SA1316,EMP162,2023-11-10,SKILL_004,3.1,3.5,2.3
SA1317,EMP162,2023-11-10,SKILL_005,3.6,3.5,3.7
SA1318,EMP162,2023-11-10,SKILL_006,2.9,3.6,3.1
SA1319,EMP162,2023-11-10,SKILL_007,3.3,3.9,4.6
SA1320,EMP162,2023-11-10,SKILL_008,3.7,3.0,3.7
SA1321,EMP163,2023-11-10,SKILL_001,4.2,3.9,5.0
SA1322,EMP163,2023-11-10,SKILL_002,3.3,3.7,4.4
SA1323,EMP163,2023-11-10,SKILL_003,4.4,2.3,3.6
SA1324,EMP163,2023-11-10,SKILL_004,4.4,5.0,4.0
SA1325,EMP163,2023-11-10,SKILL_005,3.5,2.9,4.7
SA1326,EMP163,2023-11-10,SKILL_006,4.1,3.0,3.5
SA1327,EMP163,2023-11-10,SKILL_007,3.9,3.8,3.2
SA1328,EMP163,2023-11-10,SKILL_008,3.4,2.5,4.1
SA1329,EMP164,2023-11-10,SKILL_001,3.5,3.8,4.3
SA1330,EMP164,2023-11-10,SKILL_002,3.8,3.4,3.7
SA1331,EMP164,2023-11-10,SKILL_003,3.7,4.2,3.8
SA1332,EMP164,2023-11-10,SKILL_004,3.4,4.1,4.2
SA1333,EMP164,2023-11-10,SKILL_005,3.0,4.4,3.8
SA1334,EMP164,2023-11-10,SKILL_006,3.8,4.1,3.3
SA1335,EMP164,2023-11-10,SKILL_007,4.2,3.3,2.9
SA1336,EMP164,2023-11-10,SKILL_008,3.2,3.8,3.1
SA1337,EMP166,2023-11-10,SKILL_001,4.5,4.2,4.3
SA1338,EMP166,2023-11-10,SKILL_002,3.8,3.7,3.0
SA1339,EMP166,2023-11-10,SKILL_003,4.2,3.7,3.9
SA1340,EMP166,2023-11-10,SKILL_004,4.5,3.1,3.5
SA1341,EMP166,2023-11-10,SKILL_005,3.9,2.9,3.5
SA1342,EMP166,2023-11-10,SKILL_006,3.9,3.3,4.3
SA1343,EMP166,2023-11-10,SKILL_007,2.9,4.2,3.9
SA1344,EMP166,2023-11-10,SKILL_008,3.4,2.9,2.6
SA1345,EMP167,2023-11-10,SKILL_001,3.3,4.1,3.6
SA1346,EMP167,2023-11-10,SKILL_002,4.3,3.1,4.0
SA1347,EMP167,2023-11-10,SKILL_003,3.3,2.9,3.5
SA1348,EMP167,2023-11-10,SKILL_004,3.4,2.6,3.5
SA1349,EMP167,2023-11-10,SKILL_005,3.8,4.3,4.1
SA1350,EMP167,2023-11-10,SKILL_006,4.3,3.9,3.8
SA1351,EMP167,2023-11-10,SKILL_007,3.1,3.6,3.9
SA1352,EMP167,2023-11-10,SKILL_008,4.4,3.9,4.2
SA1353,EMP168,2023-11-10,SKILL_001,3.2,3.3,3.8
SA1354,EMP168,2023-11-10,SKILL_002,4.3,3.4,3.6
SA1355,EMP168,2023-11-10,SKILL_003,4.0,2.8,4.4
SA1356,EMP168,2023-11-10,SKILL_004,3.3,2.3,3.6
SA1357,EMP168,2023-11-10,SKILL_005,4.5,3.9,4.0
SA1358,EMP168,2023-11-10,SKILL_006,3.7,3.4,2.8
SA1359,EMP168,2023-11-10,SKILL_007,2.6,3.6,4.3
SA1360,EMP168,2023-11-10,SKILL_008,3.9,3.9,4.4
SA1361,EMP169,2023-11-10,SKILL_001,3.9,3.4,3.2
SA1362,EMP169,2023-11-10,SKILL_002,4.7,3.8,3.1
SA1363,EMP169,2023-11-10,SKILL_003,3.1,4.3,3.1
SA1364,EMP169,2023-11-10,SKILL_004,4.6,1.8,4.3
SA1365,EMP169,2023-11-10,SKILL_005,3.9,3.6,3.5
SA1366,EMP169,2023-11-10,SKILL_006,4.6,3.9,3.1
SA1367,EMP169,2023-11-10,SKILL_007,2.8,3.6,3.6
SA1368,EMP169,2023-11-10,SKILL_008,2.9,3.5,3.3
SA1369,EMP170,2023-11-10,SKILL_001,3.7,3.9,4.3
SA1370,EMP170,2023-11-10,SKILL_002,4.2,3.1,3.8
SA1371,EMP170,2023-11-10,SKILL_003,3.7,2.7,3.8
SA1372,EMP170,2023-11-10,SKILL_004,4.6,3.5,2.8
SA1373,EMP170,2023-11-10,SKILL_005,3.7,2.8,4.0
SA1374,EMP170,2023-11-10,SKILL_006,4.0,3.4,3.4
SA1375,EMP170,2023-11-10,SKILL_007,3.6,3.5,3.2
SA1376,EMP170,2023-11-10,SKILL_008,3.0,4.2,3.4
SA1377,EMP171,2023-11-10,SKILL_001,3.8,3.7,3.8
SA1378,EMP171,2023-11-10,SKILL_002,3.1,2.5,3.3
SA1379,EMP171,2023-11-10,SKILL_003,3.9,3.1,3.4
SA1380,EMP171,2023-11-10,SKILL_004,4.8,2.4,3.2
SA1381,EMP171,2023-11-10,SKILL_005,4.6,3.5,3.2
SA1382,EMP171,2023-11-10,SKILL_006,4.3,3.5,3.4
SA1383,EMP171,2023-11-10,SKILL_007,3.8,3.1,3.1
SA1384,EMP171,2023-11-10,SKILL_008,3.6,2.9,3.6
SA1385,EMP172,2023-11-10,SKILL_001,3.9,4.0,4.2
SA1386,EMP172,2023-11-10,SKILL_002,3.5,3.8,3.8
SA1387,EMP172,2023-11-10,SKILL_003,3.9,3.2,3.1
SA1388,EMP172,2023-11-10,SKILL_004,4.0,2.5,3.5
SA1389,EMP172,2023-11-10,SKILL_005,2.4,2.7,3.2
SA1390,EMP172,2023-11-10,SKILL_006,4.2,3.9,3.3
SA1391,EMP172,2023-11-10,SKILL_007,4.1,4.0,3.5
SA1392,EMP172,2023-11-10,SKILL_008,3.0,3.4,3.6
SA1393,EMP173,2023-11-10,SKILL_001,3.1,3.7,3.7
SA1394,EMP173,2023-11-10,SKILL_002,3.9,3.7,4.0
SA1395,EMP173,2023-11-10,SKILL_003,3.6,3.6,3.4
SA1396,EMP173,2023-11-10,SKILL_004,3.4,4.3,2.6
SA1397,EMP173,2023-11-10,SKILL_005,4.1,3.1,3.2
SA1398,EMP173,2023-11-10,SKILL_006,3.8,2.6,3.2
SA1399,EMP173,2023-11-10,SKILL_007,3.3,3.4,3.2
SA1400,EMP173,2023-11-10,SKILL_008,4.5,4.6,2.6
SA1401,EMP174,2023-11-10,SKILL_001,4.0,4.0,3.9
SA1402,EMP174,2023-11-10,SKILL_002,3.4,3.4,3.2
SA1403,EMP174,2023-11-10,SKILL_003,3.5,2.8,3.5
SA1404,EMP174,2023-11-10,SKILL_004,2.9,3.4,3.0
SA1405,EMP174,2023-11-10,SKILL_005,3.8,3.1,3.7
SA1406,EMP174,2023-11-10,SKILL_006,4.2,4.5,2.3
SA1407,EMP174,2023-11-10,SKILL_007,3.3,3.3,3.8
SA1408,EMP174,2023-11-10,SKILL_008,2.9,2.9,3.7
SA1409,EMP175,2023-11-10,SKILL_001,3.7,3.7,3.8
SA1410,EMP175,2023-11-10,SKILL_002,3.9,3.6,3.6
SA1411,EMP175,2023-11-10,SKILL_003,4.0,2.2,4.4
SA1412,EMP175,2023-11-10,SKILL_004,2.6,2.9,3.5
SA1413,EMP175,2023-11-10,SKILL_005,4.0,1.7,3.6
SA1414,EMP175,2023-11-10,SKILL_006,4.1,4.1,3.3
SA1415,EMP175,2023-11-10,SKILL_007,3.5,3.1,3.4
SA1416,EMP175,2023-11-10,SKILL_008,3.2,3.0,3.8
SA1417,EMP176,2023-11-10,SKILL_001,3.8,3.8,3.7
SA1418,EMP176,2023-11-10,SKILL_002,4.1,4.0,2.7
SA1419,EMP176,2023-11-10,SKILL_003,3.3,3.4,3.6
SA1420,EMP176,2023-11-10,SKILL_004,3.4,4.0,4.6
SA1421,EMP176,2023-11-10,SKILL_005,3.8,3.6,4.0
SA1422,EMP176,2023-11-10,SKILL_006,2.8,3.5,4.1
SA1423,EMP176,2023-11-10,SKILL_007,3.4,2.8,3.5
SA1424,EMP176,2023-11-10,SKILL_008,3.7,3.0,4.6
SA1425,EMP177,2023-11-10,SKILL_001,3.5,2.8,3.6
SA1426,EMP177,2023-11-10,SKILL_002,4.2,3.5,3.8
SA1427,EMP177,2023-11-10,SKILL_003,3.3,4.4,3.9
SA1428,EMP177,2023-11-10,SKILL_004,4.2,3.7,4.0
SA1429,EMP177,2023-11-10,SKILL_005,3.3,3.2,4.3
SA1430,EMP177,2023-11-10,SKILL_006,4.5,2.8,3.7
SA1431,EMP177,2023-11-10,SKILL_007,3.5,3.1,3.7
SA1432,EMP177,2023-11-10,SKILL_008,4.3,3.8,3.4
SA1433,EMP178,2023-11-10,SKILL_001,4.0,3.3,3.8
SA1434,EMP178,2023-11-10,SKILL_002,4.4,2.3,4.0
SA1435,EMP178,2023-11-10,SKILL_003,2.9,4.2,3.3
SA1436,EMP178,2023-11-10,SKILL_004,3.1,3.9,3.8
SA1437,EMP178,2023-11-10,SKILL_005,3.2,2.7,3.5
SA1438,EMP178,2023-11-10,SKILL_006,3.1,2.9,3.7
SA1439,EMP178,2023-11-10,SKILL_007,3.2,3.8,4.3
SA1440,EMP178,2023-11-10,SKILL_008,3.6,3.6,4.6
SA1441,EMP179,2023-11-10,SKILL_001,3.1,4.2,4.1
SA1442,EMP179,2023-11-10,SKILL_002,4.1,4.3,3.7
SA1443,EMP179,2023-11-10,SKILL_003,3.4,4.2,4.2
SA1444,EMP179,2023-11-10,SKILL_004,4.3,3.5,3.2
SA1445,EMP179,2023-11-10,SKILL_005,3.8,4.1,4.1
SA1446,EMP179,2023-11-10,SKILL_006,3.5,3.7,2.9
SA1447,EMP179,2023-11-10,SKILL_007,4.2,3.0,4.0
SA1448,EMP179,2023-11-10,SKILL_008,3.1,4.1,3.8
SA1449,EMP180,2023-11-10,SKILL_001,3.3,3.9,3.3
SA1450,EMP180,2023-11-10,SKILL_002,4.1,3.3,2.7
SA1451,EMP180,2023-11-10,SKILL_003,3.2,3.2,4.3
SA1452,EMP180,2023-11-10,SKILL_004,4.2,4.5,4.4
SA1453,EMP180,2023-11-10,SKILL_005,3.4,3.4,3.4
SA1454,EMP180,2023-11-10,SKILL_006,3.4,2.4,3.6
SA1455,EMP180,2023-11-10,SKILL_007,3.1,3.5,4.7
SA1456,EMP180,2023-11-10,SKILL_008,3.4,3.6,4.1
SA1457,EMP181,2023-11-10,SKILL_001,3.8,3.7,3.4
SA1458,EMP181,2023-11-10,SKILL_002,3.6,2.9,4.0
SA1459,EMP181,2023-11-10,SKILL_003,2.8,4.1,2.9
SA1460,EMP181,2023-11-10,SKILL_004,4.2,3.3,3.0
SA1461,EMP181,2023-11-10,SKILL_005,4.0,4.1,3.4
SA1462,EMP181,2023-11-10,SKILL_006,4.1,2.1,2.9
SA1463,EMP181,2023-11-10,SKILL_007,4.3,3.4,2.7
SA1464,EMP181,2023-11-10,SKILL_008,3.4,2.9,3.5
SA1465,EMP182,2023-11-10,SKILL_001,3.5,3.6,3.6
SA1466,EMP182,2023-11-10,SKILL_002,4.4,3.8,3.8
SA1467,EMP182,2023-11-10,SKILL_003,4.3,3.3,3.0
SA1468,EMP182,2023-11-10,SKILL_004,4.3,3.6,3.7
SA1469,EMP182,2023-11-10,SKILL_005,3.4,3.1,4.0
SA1470,EMP182,2023-11-10,SKILL_006,4.2,4.0,4.0
SA1471,EMP182,2023-11-10,SKILL_007,4.0,3.6,3.5
SA1472,EMP182,2023-11-10,SKILL_008,4.3,3.3,3.8
SA1473,EMP183,2023-11-10,SKILL_001,3.3,3.1,3.5
SA1474,EMP183,2023-11-10,SKILL_002,3.3,4.0,2.9
SA1475,EMP183,2023-11-10,SKILL_003,3.7,3.6,2.7
SA1476,EMP183,2023-11-10,SKILL_004,3.5,3.7,3.8
SA1477,EMP183,2023-11-10,SKILL_005,3.6,3.9,3.5
SA1478,EMP183,2023-11-10,SKILL_006,3.7,3.7,4.1
SA1479,EMP183,2023-11-10,SKILL_007,3.4,3.2,3.3
SA1480,EMP183,2023-11-10,SKILL_008,3.5,4.4,3.9
SA1481,EMP184,2023-11-10,SKILL_001,3.1,3.1,3.8
SA1482,EMP184,2023-11-10,SKILL_002,3.2,3.1,4.3
SA1483,EMP184,2023-11-10,SKILL_003,3.4,4.1,4.2
SA1484,EMP184,2023-11-10,SKILL_004,3.3,3.0,3.5
SA1485,EMP184,2023-11-10,SKILL_005,3.2,3.6,3.5
SA1486,EMP184,2023-11-10,SKILL_006,3.9,4.3,4.0
SA1487,EMP184,2023-11-10,SKILL_007,3.9,2.3,3.8
SA1488,EMP184,2023-11-10,SKILL_008,4.6,1.7,3.9
SA1489,EMP185,2023-11-10,SKILL_001,3.6,3.0,4.0
SA1490,EMP185,2023-11-10,SKILL_002,4.6,4.0,3.4
SA1491,EMP185,2023-11-10,SKILL_003,3.2,3.6,4.0
SA1492,EMP185,2023-11-10,SKILL_004,3.5,3.3,5.0
SA1493,EMP185,2023-11-10,SKILL_005,4.2,4.2,2.9
SA1494,EMP185,2023-11-10,SKILL_006,3.3,3.5,3.1
SA1495,EMP185,2023-11-10,SKILL_007,4.5,4.3,3.3
SA1496,EMP185,2023-11-10,SKILL_008,4.6,3.5,4.9
SA1497,EMP186,2023-11-10,SKILL_001,3.8,3.8,4.3
SA1498,EMP186,2023-11-10,SKILL_002,4.3,3.8,3.5
SA1499,EMP186,2023-11-10,SKILL_003,4.0,3.0,3.7
SA1500,EMP186,2023-11-10,SKILL_004,3.1,2.4,3.6
SA1501,EMP186,2023-11-10,SKILL_005,4.3,4.1,3.6
SA1502,EMP186,2023-11-10,SKILL_006,4.6,3.2,2.6
SA1503,EMP186,2023-11-10,SKILL_007,2.6,2.8,4.0
SA1504,EMP186,2023-11-10,SKILL_008,3.4,3.8,4.4
SA1505,EMP187,2023-11-10,SKILL_001,3.1,3.8,3.9
SA1506,EMP187,2023-11-10,SKILL_002,3.3,4.3,3.5
SA1507,EMP187,2023-11-10,SKILL_003,3.5,4.8,3.9
SA1508,EMP187,2023-11-10,SKILL_004,4.2,4.3,3.3
SA1509,EMP187,2023-11-10,SKILL_005,4.3,3.2,3.3
SA1510,EMP187,2023-11-10,SKILL_006,3.6,3.1,4.0
SA1511,EMP187,2023-11-10,SKILL_007,3.8,3.2,3.9
SA1512,EMP187,2023-11-10,SKILL_008,3.6,3.3,3.6
SA1513,EMP188,2023-11-10,SKILL_001,3.9,3.7,3.4
SA1514,EMP188,2023-11-10,SKILL_002,4.1,3.4,3.3
SA1515,EMP188,2023-11-10,SKILL_003,3.0,4.1,3.6
SA1516,EMP188,2023-11-10,SKILL_004,3.8,4.1,3.4
SA1517,EMP188,2023-11-10,SKILL_005,3.0,3.5,3.8
SA1518,EMP188,2023-11-10,SKILL_006,3.6,4.4,2.4
SA1519,EMP188,2023-11-10,SKILL_007,4.3,4.0,3.8
SA1520,EMP188,2023-11-10,SKILL_008,2.0,4.3,3.1
SA1521,EMP189,2023-11-10,SKILL_001,3.4,3.4,3.8
SA1522,EMP189,2023-11-10,SKILL_002,4.0,4.0,4.0
SA1523,EMP189,2023-11-10,SKILL_003,3.8,3.7,3.1
SA1524,EMP189,2023-11-10,SKILL_004,3.3,4.0,4.0
SA1525,EMP189,2023-11-10,SKILL_005,4.1,3.2,4.1
SA1526,EMP189,2023-11-10,SKILL_006,3.1,4.1,3.5
SA1527,EMP189,2023-11-10,SKILL_007,4.5,2.6,4.5
SA1528,EMP189,2023-11-10,SKILL_008,3.5,3.3,3.7
SA1529,EMP190,2023-11-10,SKILL_001,3.4,3.5,3.2
SA1530,EMP190,2023-11-10,SKILL_002,3.3,3.8,3.1
SA1531,EMP190,2023-11-10,SKILL_003,3.3,2.7,3.3
SA1532,EMP190,2023-11-10,SKILL_004,4.4,3.0,3.2
SA1533,EMP190,2023-11-10,SKILL_005,3.8,3.3,4.7
SA1534,EMP190,2023-11-10,SKILL_006,3.6,3.7,4.1
SA1535,EMP190,2023-11-10,SKILL_007,4.2,3.6,3.5
SA1536,EMP190,2023-11-10,SKILL_008,4.7,3.4,3.4
SA1537,EMP192,2023-11-10,SKILL_001,3.4,2.5,4.0
SA1538,EMP192,2023-11-10,SKILL_002,2.5,3.5,3.5
SA1539,EMP192,2023-11-10,SKILL_003,4.8,2.4,3.1
SA1540,EMP192,2023-11-10,SKILL_004,3.6,3.4,3.3
SA1541,EMP192,2023-11-10,SKILL_005,3.7,2.7,3.8
SA1542,EMP192,2023-11-10,SKILL_006,2.5,3.5,3.3
SA1543,EMP192,2023-11-10,SKILL_007,4.2,4.6,3.4
SA1544,EMP192,2023-11-10,SKILL_008,4.4,3.3,3.1
SA1545,EMP195,2023-11-10,SKILL_001,4.6,3.8,3.6
SA1546,EMP195,2023-11-10,SKILL_002,4.0,3.7,3.6
SA1547,EMP195,2023-11-10,SKILL_003,3.0,3.3,3.9
SA1548,EMP195,2023-11-10,SKILL_004,3.6,4.0,3.8
SA1549,EMP195,2023-11-10,SKILL_005,3.3,2.7,3.5
SA1550,EMP195,2023-11-10,SKILL_006,3.4,3.7,3.2
SA1551,EMP195,2023-11-10,SKILL_007,3.4,4.1,3.7
SA1552,EMP195,2023-11-10,SKILL_008,3.3,3.5,4.3
SA1553,EMP196,2023-11-10,SKILL_001,3.8,3.9,3.2
SA1554,EMP196,2023-11-10,SKILL_002,4.2,4.9,3.2
SA1555,EMP196,2023-11-10,SKILL_003,3.1,3.6,4.0
SA1556,EMP196,2023-11-10,SKILL_004,3.7,2.9,3.5
SA1557,EMP196,2023-11-10,SKILL_005,4.0,3.3,3.9
SA1558,EMP196,2023-11-10,SKILL_006,4.3,3.6,3.6
SA1559,EMP196,2023-11-10,SKILL_007,4.1,3.0,3.1
SA1560,EMP196,2023-11-10,SKILL_008,3.6,3.2,3.2
