compensation_id,employee_id,effective_date,base_salary,annual_bonus_amount,total_compensation,currency
COMP0001,EMP000,2010-01-01,243572126,27796951,271369077,KRW
COMP0002,EMP000,2011-01-01,207750605,23186479,230937084,KRW
COMP0003,EMP000,2012-01-01,258209364,38555742,296765106,KRW
COMP0004,EMP000,2013-01-01,208157648,18445135,226602783,KRW
COMP0005,EMP000,2014-01-01,233347026,17206501,250553527,KRW
COMP0006,EMP000,2015-01-01,229245534,27402521,256648055,KRW
COMP0007,EMP000,2016-01-01,265831869,6182694,272014563,KRW
COMP0008,EMP000,2017-01-01,249661159,32107771,281768930,KRW
COMP0009,EMP000,2018-01-01,261757261,2170188,263927449,KRW
COMP0010,EMP000,2019-01-01,211495339,39602315,251097654,KRW
COMP0011,EMP000,2020-01-01,275851672,44427621,320279293,KRW
COMP0012,EMP000,2021-01-01,209113146,13472918,222586064,KRW
COMP0013,EMP000,2022-01-01,254978059,40711908,295689967,KRW
COMP0014,EMP000,2023-01-01,203561564,25789388,229350952,KRW
COMP0015,EMP000,2024-01-01,250102199,14870923,264973122,KRW
COMP0016,DIV001,2012-01-01,146151539,0,146151539,KRW
COMP0017,DIV001,2013-01-01,146704050,20389829,167093879,KRW
COMP0018,DIV001,2014-01-01,137333305,9935115,147268420,KRW
COMP0019,DIV001,2015-01-01,149606966,27781740,177388706,KRW
COMP0020,DIV001,2016-01-01,154317854,18648081,172965935,KRW
COMP0021,DIV001,2017-01-01,130503796,10182563,140686359,KRW
COMP0022,DIV001,2018-01-01,143144156,32618305,175762461,KRW
COMP0023,DIV001,2019-01-01,137954231,21325901,159280132,KRW
COMP0024,DIV001,2020-01-01,142008101,0,142008101,KRW
COMP0025,DIV001,2021-01-01,154390157,14021172,168411329,KRW
COMP0026,DIV001,2022-01-01,144285074,5332005,149617079,KRW
COMP0027,DIV001,2023-01-01,137125919,9874728,147000647,KRW
COMP0028,DIV001,2024-01-01,144739767,16111860,160851627,KRW
COMP0029,DIV002,2016-01-01,148774862,21013394,169788256,KRW
COMP0030,DIV002,2017-01-01,146618349,19893462,166511811,KRW
COMP0031,DIV002,2018-01-01,137349769,25364709,162714478,KRW
COMP0032,DIV002,2019-01-01,137003813,21673441,158677254,KRW
COMP0033,DIV002,2020-01-01,136432779,21076792,157509571,KRW
COMP0034,DIV002,2021-01-01,131093295,17316052,148409347,KRW
COMP0035,DIV002,2022-01-01,134958293,26614845,161573138,KRW
COMP0036,DIV002,2023-01-01,131724424,13307250,145031674,KRW
COMP0037,DIV002,2024-01-01,151844804,15576513,167421317,KRW
COMP0038,DIV003,2015-01-01,133956642,758944,134715586,KRW
COMP0039,DIV003,2016-01-01,148735550,27273614,176009164,KRW
COMP0040,DIV003,2017-01-01,151420924,17471620,168892544,KRW
COMP0041,DIV003,2018-01-01,159642424,47256766,206899190,KRW
COMP0042,DIV003,2019-01-01,143686173,13746174,157432347,KRW
COMP0043,DIV003,2020-01-01,139590440,17492732,157083172,KRW
COMP0044,DIV003,2021-01-01,131048083,20022875,151070958,KRW
COMP0045,DIV003,2022-01-01,159679276,8604477,168283753,KRW
COMP0046,DIV003,2023-01-01,136570128,19326429,155896557,KRW
COMP0047,DIV003,2024-01-01,154887956,18908673,173796629,KRW
COMP0048,TL001,2020-01-01,94126998,9580124,103707122,KRW
COMP0049,TL001,2021-01-01,115403182,21967715,137370897,KRW
COMP0050,TL001,2022-01-01,118083734,7766966,125850700,KRW
COMP0051,TL001,2023-01-01,91216857,12450565,103667422,KRW
COMP0052,TL001,2024-01-01,100567948,20845709,121413657,KRW
COMP0053,TL002,2015-01-01,111837280,8678874,120516154,KRW
COMP0054,TL002,2016-01-01,93624069,9567147,103191216,KRW
COMP0055,TL002,2017-01-01,104773613,27316395,132090008,KRW
COMP0056,TL002,2018-01-01,99940707,14837543,114778250,KRW
COMP0057,TL002,2019-01-01,102199493,9159951,111359444,KRW
COMP0058,TL002,2020-01-01,94179660,15837014,110016674,KRW
COMP0059,TL002,2021-01-01,108770445,9344946,118115391,KRW
COMP0060,TL002,2022-01-01,96942971,2530700,99473671,KRW
COMP0061,TL002,2023-01-01,108220244,21897482,130117726,KRW
COMP0062,TL002,2024-01-01,95938864,5163088,101101952,KRW
COMP0063,TL003,2016-01-01,116116643,31015075,147131718,KRW
COMP0064,TL003,2017-01-01,94143409,8533164,102676573,KRW
COMP0065,TL003,2018-01-01,105253361,26102399,131355760,KRW
COMP0066,TL003,2019-01-01,105604991,4000289,109605280,KRW
COMP0067,TL003,2020-01-01,97110946,17628512,114739458,KRW
COMP0068,TL003,2021-01-01,113613533,17040164,130653697,KRW
COMP0069,TL003,2022-01-01,93693729,15952741,109646470,KRW
COMP0070,TL003,2023-01-01,113796677,20265067,134061744,KRW
COMP0071,TL003,2024-01-01,101001155,9103768,110104923,KRW
COMP0072,TL004,2017-01-01,118198767,4901628,123100395,KRW
COMP0073,TL004,2018-01-01,91356310,10683657,102039967,KRW
COMP0074,TL004,2019-01-01,104522933,13941458,118464391,KRW
COMP0075,TL004,2020-01-01,102680689,9414722,112095411,KRW
COMP0076,TL004,2021-01-01,103511068,14145122,117656190,KRW
COMP0077,TL004,2022-01-01,101097574,14131169,115228743,KRW
COMP0078,TL004,2023-01-01,107314296,7018184,114332480,KRW
COMP0079,TL004,2024-01-01,109889386,15790915,125680301,KRW
COMP0080,TL005,2016-01-01,112094234,11654132,123748366,KRW
COMP0081,TL005,2017-01-01,93051174,7258098,100309272,KRW
COMP0082,TL005,2018-01-01,100982117,16888502,117870619,KRW
COMP0083,TL005,2019-01-01,92907476,6817599,99725075,KRW
COMP0084,TL005,2020-01-01,98043565,9078828,107122393,KRW
COMP0085,TL005,2021-01-01,114313599,14211815,128525414,KRW
COMP0086,TL005,2022-01-01,104338090,21124153,125462243,KRW
COMP0087,TL005,2023-01-01,99768289,13126218,112894507,KRW
COMP0088,TL005,2024-01-01,91244986,13841618,105086604,KRW
COMP0089,TL006,2015-01-01,105660233,10792289,116452522,KRW
COMP0090,TL006,2016-01-01,113320802,13064825,126385627,KRW
COMP0091,TL006,2017-01-01,114472982,13401050,127874032,KRW
COMP0092,TL006,2018-01-01,108980843,14995586,123976429,KRW
COMP0093,TL006,2019-01-01,97360037,9954279,107314316,KRW
COMP0094,TL006,2020-01-01,103623543,20766157,124389700,KRW
COMP0095,TL006,2021-01-01,107385924,10481942,117867866,KRW
COMP0096,TL006,2022-01-01,92836702,1630726,94467428,KRW
COMP0097,TL006,2023-01-01,111646614,31771030,143417644,KRW
COMP0098,TL006,2024-01-01,96133160,9647719,105780879,KRW
COMP0099,TL007,2014-01-01,105656530,21003481,126660011,KRW
COMP0100,TL007,2015-01-01,93834495,19169209,113003704,KRW
COMP0101,TL007,2016-01-01,99522840,17586965,117109805,KRW
COMP0102,TL007,2017-01-01,103600595,11201127,114801722,KRW
COMP0103,TL007,2018-01-01,101561633,13934366,115495999,KRW
COMP0104,TL007,2019-01-01,111191342,4840091,116031433,KRW
COMP0105,TL007,2020-01-01,90762109,21729253,112491362,KRW
COMP0106,TL007,2021-01-01,107553019,7409503,114962522,KRW
COMP0107,TL007,2022-01-01,101653479,10649822,112303301,KRW
COMP0108,TL007,2023-01-01,93232954,11741682,104974636,KRW
COMP0109,TL007,2024-01-01,103723867,11778220,115502087,KRW
COMP0110,TL008,2019-01-01,116667679,9401968,126069647,KRW
COMP0111,TL008,2020-01-01,98566935,20074175,118641110,KRW
COMP0112,TL008,2021-01-01,118564526,20987907,139552433,KRW
COMP0113,TL008,2022-01-01,105259411,14665039,119924450,KRW
COMP0114,TL008,2023-01-01,104895183,10072750,114967933,KRW
COMP0115,TL008,2024-01-01,95479614,17554552,113034166,KRW
COMP0116,TL009,2016-01-01,92441159,8516777,100957936,KRW
COMP0117,TL009,2017-01-01,112014354,23996108,136010462,KRW
COMP0118,TL009,2018-01-01,90711081,11490667,102201748,KRW
COMP0119,TL009,2019-01-01,97816044,18955467,116771511,KRW
COMP0120,TL009,2020-01-01,102105616,11555372,113660988,KRW
COMP0121,TL009,2021-01-01,110258731,13704277,123963008,KRW
COMP0122,TL009,2022-01-01,93936425,18179071,112115496,KRW
COMP0123,TL009,2023-01-01,106434221,26782629,133216850,KRW
COMP0124,TL009,2024-01-01,107052677,22868807,129921484,KRW
COMP0125,TL010,2015-01-01,91984666,15879136,107863802,KRW
COMP0126,TL010,2016-01-01,93197795,14478930,107676725,KRW
COMP0127,TL010,2017-01-01,104414619,9353783,113768402,KRW
COMP0128,TL010,2018-01-01,97856920,13476246,111333166,KRW
COMP0129,TL010,2019-01-01,117663118,7673641,125336759,KRW
COMP0130,TL010,2020-01-01,100498522,14325755,114824277,KRW
COMP0131,TL010,2021-01-01,92256832,13506680,105763512,KRW
COMP0132,TL010,2022-01-01,106096306,249251,106345557,KRW
COMP0133,TL010,2023-01-01,104223726,12749096,116972822,KRW
COMP0134,TL010,2024-01-01,97585262,14139371,111724633,KRW
COMP0135,EMP001,2023-01-01,40289065,4632332,44921397,KRW
COMP0136,EMP001,2024-01-01,39877796,5642027,45519823,KRW
COMP0137,EMP002,2024-01-01,35854856,1416147,37271003,KRW
COMP0138,EMP004,2021-01-01,41175691,3024277,44199968,KRW
COMP0139,EMP004,2022-01-01,45473869,8280622,53754491,KRW
COMP0140,EMP004,2023-01-01,45546557,5467149,51013706,KRW
COMP0141,EMP004,2024-01-01,47634237,6687500,54321737,KRW
COMP0142,EMP005,2023-01-01,39662020,3458874,43120894,KRW
COMP0143,EMP005,2024-01-01,38284214,4638884,42923098,KRW
COMP0144,EMP006,2024-01-01,38478186,0,38478186,KRW
COMP0145,EMP007,2018-01-01,56997898,9733001,66730899,KRW
COMP0146,EMP007,2019-01-01,52532257,12002358,64534615,KRW
COMP0147,EMP007,2020-01-01,52946825,2970261,55917086,KRW
COMP0148,EMP007,2021-01-01,55782658,3546665,59329323,KRW
COMP0149,EMP007,2022-01-01,53884309,7891507,61775816,KRW
COMP0150,EMP007,2023-01-01,57586743,12002963,69589706,KRW
COMP0151,EMP007,2024-01-01,54293688,6508410,60802098,KRW
COMP0152,EMP008,2020-01-01,54579403,2523801,57103204,KRW
COMP0153,EMP008,2021-01-01,57135904,6141136,63277040,KRW
COMP0154,EMP008,2022-01-01,53416716,3109070,56525786,KRW
COMP0155,EMP008,2023-01-01,56793103,4536020,61329123,KRW
COMP0156,EMP008,2024-01-01,53881304,5482828,59364132,KRW
COMP0157,EMP009,2016-01-01,78781820,5060985,83842805,KRW
COMP0158,EMP009,2017-01-01,79904771,5859069,85763840,KRW
COMP0159,EMP009,2018-01-01,80329189,9998738,90327927,KRW
COMP0160,EMP009,2019-01-01,73985196,9832791,83817987,KRW
COMP0161,EMP009,2020-01-01,86342714,2984106,89326820,KRW
COMP0162,EMP009,2021-01-01,87441805,12572636,100014441,KRW
COMP0163,EMP009,2022-01-01,72862810,7073810,79936620,KRW
COMP0164,EMP009,2023-01-01,77987334,12728756,90716090,KRW
COMP0165,EMP009,2024-01-01,73299870,12228606,85528476,KRW
COMP0166,EMP010,2021-01-01,51006378,4454260,55460638,KRW
COMP0167,EMP010,2022-01-01,56398196,8845992,65244188,KRW
COMP0168,EMP010,2023-01-01,54770338,3822018,58592356,KRW
COMP0169,EMP010,2024-01-01,48183827,9609094,57792921,KRW
COMP0170,EMP011,2015-01-01,68061852,4903980,72965832,KRW
COMP0171,EMP011,2016-01-01,71918590,10152386,82070976,KRW
COMP0172,EMP011,2017-01-01,68530572,7452250,75982822,KRW
COMP0173,EMP011,2018-01-01,69337011,4089935,73426946,KRW
COMP0174,EMP011,2019-01-01,68583205,11937246,80520451,KRW
COMP0175,EMP011,2020-01-01,61836011,5141793,66977804,KRW
COMP0176,EMP011,2021-01-01,62963472,1133069,64096541,KRW
COMP0177,EMP011,2022-01-01,68620617,0,68620617,KRW
COMP0178,EMP011,2023-01-01,61258696,4134797,65393493,KRW
COMP0179,EMP011,2024-01-01,70615415,14303470,84918885,KRW
COMP0180,EMP012,2018-01-01,64719410,12650334,77369744,KRW
COMP0181,EMP012,2019-01-01,60508231,4652120,65160351,KRW
COMP0182,EMP012,2020-01-01,68014402,6633628,74648030,KRW
COMP0183,EMP012,2021-01-01,70659315,6508091,77167406,KRW
COMP0184,EMP012,2022-01-01,58459729,2338042,60797771,KRW
COMP0185,EMP012,2023-01-01,58677700,3700807,62378507,KRW
COMP0186,EMP012,2024-01-01,71594990,12806122,84401112,KRW
COMP0187,EMP013,2022-01-01,37419612,5621670,43041282,KRW
COMP0188,EMP013,2023-01-01,37338457,5092417,42430874,KRW
COMP0189,EMP013,2024-01-01,39670282,1582495,41252777,KRW
COMP0190,EMP014,2021-01-01,42919861,5409713,48329574,KRW
COMP0191,EMP014,2022-01-01,43766519,0,43766519,KRW
COMP0192,EMP014,2023-01-01,43268437,7380217,50648654,KRW
COMP0193,EMP014,2024-01-01,47139173,6388041,53527214,KRW
COMP0194,EMP015,2016-01-01,70701489,2777582,73479071,KRW
COMP0195,EMP015,2017-01-01,67267012,14595968,81862980,KRW
COMP0196,EMP015,2018-01-01,59175123,723718,59898841,KRW
COMP0197,EMP015,2019-01-01,59966445,9104007,69070452,KRW
COMP0198,EMP015,2020-01-01,63305312,9705356,73010668,KRW
COMP0199,EMP015,2021-01-01,68002363,3102252,71104615,KRW
COMP0200,EMP015,2022-01-01,59416269,6995015,66411284,KRW
COMP0201,EMP015,2023-01-01,67820690,1477835,69298525,KRW
COMP0202,EMP015,2024-01-01,68937211,0,68937211,KRW
COMP0203,EMP016,2021-01-01,43208327,2416530,45624857,KRW
COMP0204,EMP016,2022-01-01,40289256,3344109,43633365,KRW
COMP0205,EMP016,2023-01-01,40791456,6471783,47263239,KRW
COMP0206,EMP016,2024-01-01,46895648,5817146,52712794,KRW
COMP0207,EMP017,2023-01-01,41890493,5261979,47152472,KRW
COMP0208,EMP017,2024-01-01,41367351,2446245,43813596,KRW
COMP0209,EMP018,2020-01-01,53402832,4710093,58112925,KRW
COMP0210,EMP018,2021-01-01,50691672,3254628,53946300,KRW
COMP0211,EMP018,2022-01-01,49387980,2296618,51684598,KRW
COMP0212,EMP018,2023-01-01,50843879,4290106,55133985,KRW
COMP0213,EMP018,2024-01-01,51056457,6355035,57411492,KRW
COMP0214,EMP019,2019-01-01,46470437,3979806,50450243,KRW
COMP0215,EMP019,2020-01-01,41613408,4185886,45799294,KRW
COMP0216,EMP019,2021-01-01,46690226,7549570,54239796,KRW
COMP0217,EMP019,2022-01-01,41739763,3754689,45494452,KRW
COMP0218,EMP019,2023-01-01,44866098,1792939,46659037,KRW
COMP0219,EMP019,2024-01-01,40170903,6178574,46349477,KRW
COMP0220,EMP020,2019-01-01,65348074,8884134,74232208,KRW
COMP0221,EMP020,2020-01-01,65785695,9191549,74977244,KRW
COMP0222,EMP020,2021-01-01,65242078,10278910,75520988,KRW
COMP0223,EMP020,2022-01-01,63757311,9397731,73155042,KRW
COMP0224,EMP020,2023-01-01,71666045,8723457,80389502,KRW
COMP0225,EMP020,2024-01-01,60907841,16048434,76956275,KRW
COMP0226,EMP021,2023-01-01,36244797,1554969,37799766,KRW
COMP0227,EMP021,2024-01-01,36231204,3072948,39304152,KRW
COMP0228,EMP022,2020-01-01,46907618,8351435,55259053,KRW
COMP0229,EMP022,2021-01-01,46899134,6029126,52928260,KRW
COMP0230,EMP022,2022-01-01,44798846,7413106,52211952,KRW
COMP0231,EMP022,2023-01-01,42617870,5548223,48166093,KRW
COMP0232,EMP022,2024-01-01,42572516,8618524,51191040,KRW
COMP0233,EMP023,2022-01-01,54828309,3264990,58093299,KRW
COMP0234,EMP023,2023-01-01,55678484,11166185,66844669,KRW
COMP0235,EMP023,2024-01-01,52981258,10080202,63061460,KRW
COMP0236,EMP024,2023-01-01,36987654,1752573,38740227,KRW
COMP0237,EMP024,2024-01-01,36755883,5801545,42557428,KRW
COMP0238,EMP025,2023-01-01,39408913,4627300,44036213,KRW
COMP0239,EMP025,2024-01-01,35749838,2988868,38738706,KRW
COMP0240,EMP026,2020-01-01,56994740,380887,57375627,KRW
COMP0241,EMP026,2021-01-01,57344714,3403476,60748190,KRW
COMP0242,EMP026,2022-01-01,53836125,8747655,62583780,KRW
COMP0243,EMP026,2023-01-01,52157818,8805829,60963647,KRW
COMP0244,EMP026,2024-01-01,57794953,6204714,63999667,KRW
COMP0245,EMP027,2015-01-01,86252261,14578280,100830541,KRW
COMP0246,EMP027,2016-01-01,85888351,15177811,101066162,KRW
COMP0247,EMP027,2017-01-01,72249818,9340340,81590158,KRW
COMP0248,EMP027,2018-01-01,72707176,5573730,78280906,KRW
COMP0249,EMP027,2019-01-01,76914241,11265109,88179350,KRW
COMP0250,EMP027,2020-01-01,86626926,12926390,99553316,KRW
COMP0251,EMP027,2021-01-01,78550528,12602384,91152912,KRW
COMP0252,EMP027,2022-01-01,88678595,15245996,103924591,KRW
COMP0253,EMP027,2023-01-01,72471551,2773495,75245046,KRW
COMP0254,EMP027,2024-01-01,88967983,7954115,96922098,KRW
COMP0255,EMP028,2015-01-01,71073416,432319,71505735,KRW
COMP0256,EMP028,2016-01-01,63448029,10457489,73905518,KRW
COMP0257,EMP028,2017-01-01,67467237,7236624,74703861,KRW
COMP0258,EMP028,2018-01-01,67286525,9813661,77100186,KRW
COMP0259,EMP028,2019-01-01,59245439,1863818,61109257,KRW
COMP0260,EMP028,2020-01-01,71820468,14655602,86476070,KRW
COMP0261,EMP028,2021-01-01,71467345,3454706,74922051,KRW
COMP0262,EMP028,2022-01-01,62366607,10382405,72749012,KRW
COMP0263,EMP028,2023-01-01,67786445,8614098,76400543,KRW
COMP0264,EMP028,2024-01-01,64187568,6972915,71160483,KRW
COMP0265,EMP029,2019-01-01,45838160,4757560,50595720,KRW
COMP0266,EMP029,2020-01-01,40986158,3349233,44335391,KRW
COMP0267,EMP029,2021-01-01,41473842,8199866,49673708,KRW
COMP0268,EMP029,2022-01-01,40614070,4904423,45518493,KRW
COMP0269,EMP029,2023-01-01,47932412,2101678,50034090,KRW
COMP0270,EMP029,2024-01-01,42531987,4124003,46655990,KRW
COMP0271,EMP030,2022-01-01,38166833,4873917,43040750,KRW
COMP0272,EMP030,2023-01-01,35436616,6161304,41597920,KRW
COMP0273,EMP030,2024-01-01,35671954,2986556,38658510,KRW
COMP0274,EMP031,2021-01-01,50965298,4471359,55436657,KRW
COMP0275,EMP031,2022-01-01,52791992,6409260,59201252,KRW
COMP0276,EMP031,2023-01-01,54325776,9366061,63691837,KRW
COMP0277,EMP031,2024-01-01,54624297,2068880,56693177,KRW
COMP0278,EMP032,2020-01-01,40160862,6037032,46197894,KRW
COMP0279,EMP032,2021-01-01,43421677,4001578,47423255,KRW
COMP0280,EMP032,2022-01-01,46672649,4692190,51364839,KRW
COMP0281,EMP032,2023-01-01,47733357,11460518,59193875,KRW
COMP0282,EMP032,2024-01-01,47797899,5172298,52970197,KRW
COMP0283,EMP033,2017-01-01,49755092,8223602,57978694,KRW
COMP0284,EMP033,2018-01-01,51961648,8476754,60438402,KRW
COMP0285,EMP033,2019-01-01,51738999,2545484,54284483,KRW
COMP0286,EMP033,2020-01-01,54967572,509897,55477469,KRW
COMP0287,EMP033,2021-01-01,50994095,8631205,59625300,KRW
COMP0288,EMP033,2022-01-01,49245226,2707858,51953084,KRW
COMP0289,EMP033,2023-01-01,48695832,981173,49677005,KRW
COMP0290,EMP033,2024-01-01,56815381,10315953,67131334,KRW
COMP0291,EMP034,2023-01-01,36804164,2165350,38969514,KRW
COMP0292,EMP034,2024-01-01,36744820,2706217,39451037,KRW
COMP0293,EMP035,2018-01-01,71063818,16946047,88009865,KRW
COMP0294,EMP035,2019-01-01,67124305,1370401,68494706,KRW
COMP0295,EMP035,2020-01-01,70480791,3145052,73625843,KRW
COMP0296,EMP035,2021-01-01,65077633,6014351,71091984,KRW
COMP0297,EMP035,2022-01-01,68879121,7272573,76151694,KRW
COMP0298,EMP035,2023-01-01,63555911,4218541,67774452,KRW
COMP0299,EMP035,2024-01-01,64870954,3274730,68145684,KRW
COMP0300,EMP036,2017-01-01,64091099,13497563,77588662,KRW
COMP0301,EMP036,2018-01-01,64158945,8711448,72870393,KRW
COMP0302,EMP036,2019-01-01,63625914,9869023,73494937,KRW
COMP0303,EMP036,2020-01-01,70275664,7854464,78130128,KRW
COMP0304,EMP036,2021-01-01,71246802,9786980,81033782,KRW
COMP0305,EMP036,2022-01-01,61638939,10846856,72485795,KRW
COMP0306,EMP036,2023-01-01,58396558,3516760,61913318,KRW
COMP0307,EMP036,2024-01-01,60306535,8195064,68501599,KRW
COMP0308,EMP037,2023-01-01,37902517,6131207,44033724,KRW
COMP0309,EMP037,2024-01-01,41647723,8857964,50505687,KRW
COMP0310,EMP038,2015-01-01,67674330,16030252,83704582,KRW
COMP0311,EMP038,2016-01-01,65886162,8182507,74068669,KRW
COMP0312,EMP038,2017-01-01,60638368,11419316,72057684,KRW
COMP0313,EMP038,2018-01-01,70299733,0,70299733,KRW
COMP0314,EMP038,2019-01-01,65407254,13940704,79347958,KRW
COMP0315,EMP038,2020-01-01,66198947,5060709,71259656,KRW
COMP0316,EMP038,2021-01-01,61885662,6531050,68416712,KRW
COMP0317,EMP038,2022-01-01,63093342,9241046,72334388,KRW
COMP0318,EMP038,2023-01-01,69861304,7740175,77601479,KRW
COMP0319,EMP038,2024-01-01,67690608,8920755,76611363,KRW
COMP0320,EMP039,2022-01-01,52282963,11254513,63537476,KRW
COMP0321,EMP039,2023-01-01,54577930,5291155,59869085,KRW
COMP0322,EMP039,2024-01-01,50241601,2752464,52994065,KRW
COMP0323,EMP040,2016-01-01,72639704,16620533,89260237,KRW
COMP0324,EMP040,2017-01-01,84530709,12815350,97346059,KRW
COMP0325,EMP040,2018-01-01,76078912,17903980,93982892,KRW
COMP0326,EMP040,2019-01-01,88735752,15246381,103982133,KRW
COMP0327,EMP040,2020-01-01,85177421,3456869,88634290,KRW
COMP0328,EMP040,2021-01-01,74596068,11840117,86436185,KRW
COMP0329,EMP040,2022-01-01,86217353,5256078,91473431,KRW
COMP0330,EMP040,2023-01-01,82994013,9996289,92990302,KRW
COMP0331,EMP040,2024-01-01,72356554,8354080,80710634,KRW
COMP0332,EMP041,2015-01-01,129109753,2961799,132071552,KRW
COMP0333,EMP041,2016-01-01,126144822,8985468,135130290,KRW
COMP0334,EMP041,2017-01-01,110654598,27919398,138573996,KRW
COMP0335,EMP041,2018-01-01,128730822,17288889,146019711,KRW
COMP0336,EMP041,2019-01-01,121250916,13272638,134523554,KRW
COMP0337,EMP041,2020-01-01,121908053,27889321,149797374,KRW
COMP0338,EMP041,2021-01-01,110444164,10627587,121071751,KRW
COMP0339,EMP041,2022-01-01,139641599,15991026,155632625,KRW
COMP0340,EMP041,2023-01-01,129162974,23178059,152341033,KRW
COMP0341,EMP041,2024-01-01,139331854,13369706,152701560,KRW
COMP0342,EMP042,2018-01-01,69735422,5244714,74980136,KRW
COMP0343,EMP042,2019-01-01,59221244,0,59221244,KRW
COMP0344,EMP042,2020-01-01,62991703,4019506,67011209,KRW
COMP0345,EMP042,2021-01-01,68908392,4357651,73266043,KRW
COMP0346,EMP042,2022-01-01,66371821,8596080,74967901,KRW
COMP0347,EMP042,2023-01-01,63750739,5315058,69065797,KRW
COMP0348,EMP042,2024-01-01,60531494,15101466,75632960,KRW
COMP0349,EMP043,2019-01-01,47295773,2674210,49969983,KRW
COMP0350,EMP043,2020-01-01,41775332,8523788,50299120,KRW
COMP0351,EMP043,2021-01-01,40875675,5444034,46319709,KRW
COMP0352,EMP043,2022-01-01,47450489,7990968,55441457,KRW
COMP0353,EMP043,2023-01-01,43875734,7229017,51104751,KRW
COMP0354,EMP043,2024-01-01,44674735,0,44674735,KRW
COMP0355,EMP045,2020-01-01,51840542,6184931,58025473,KRW
COMP0356,EMP045,2021-01-01,54358417,5667751,60026168,KRW
COMP0357,EMP045,2022-01-01,48349429,2515200,50864629,KRW
COMP0358,EMP045,2023-01-01,54432371,8032996,62465367,KRW
COMP0359,EMP045,2024-01-01,48417886,10796821,59214707,KRW
COMP0360,EMP046,2023-01-01,39852902,0,39852902,KRW
COMP0361,EMP046,2024-01-01,40876898,3594380,44471278,KRW
COMP0362,EMP047,2016-01-01,70043076,3169731,73212807,KRW
COMP0363,EMP047,2017-01-01,68803313,8552710,77356023,KRW
COMP0364,EMP047,2018-01-01,69841916,7016509,76858425,KRW
COMP0365,EMP047,2019-01-01,70032920,5858909,75891829,KRW
COMP0366,EMP047,2020-01-01,69669558,11242605,80912163,KRW
COMP0367,EMP047,2021-01-01,60527004,13205229,73732233,KRW
COMP0368,EMP047,2022-01-01,61887449,17308627,79196076,KRW
COMP0369,EMP047,2023-01-01,66816910,5052845,71869755,KRW
COMP0370,EMP047,2024-01-01,69331266,745135,70076401,KRW
COMP0371,EMP048,2024-01-01,35183392,5402472,40585864,KRW
COMP0372,EMP049,2019-01-01,68096589,14751701,82848290,KRW
COMP0373,EMP049,2020-01-01,67568217,11406960,78975177,KRW
COMP0374,EMP049,2021-01-01,59898848,12960961,72859809,KRW
COMP0375,EMP049,2022-01-01,68488748,7292051,75780799,KRW
COMP0376,EMP049,2023-01-01,68855590,5744314,74599904,KRW
COMP0377,EMP049,2024-01-01,59168536,7510034,66678570,KRW
COMP0378,EMP050,2020-01-01,53222839,5331161,58554000,KRW
COMP0379,EMP050,2021-01-01,52098873,8324651,60423524,KRW
COMP0380,EMP050,2022-01-01,52802669,9408699,62211368,KRW
COMP0381,EMP050,2023-01-01,50870775,9303502,60174277,KRW
COMP0382,EMP050,2024-01-01,52021204,7836243,59857447,KRW
COMP0383,EMP051,2021-01-01,35117048,4731999,39849047,KRW
COMP0384,EMP051,2022-01-01,35746990,5993540,41740530,KRW
COMP0385,EMP051,2023-01-01,41350493,91818,41442311,KRW
COMP0386,EMP051,2024-01-01,41810324,5545480,47355804,KRW
COMP0387,EMP052,2020-01-01,45753723,5634510,51388233,KRW
COMP0388,EMP052,2021-01-01,43349308,5756130,49105438,KRW
COMP0389,EMP052,2022-01-01,41856394,4802710,46659104,KRW
COMP0390,EMP052,2023-01-01,42899869,6259576,49159445,KRW
COMP0391,EMP052,2024-01-01,45175448,3863577,49039025,KRW
COMP0392,EMP053,2015-01-01,89347681,16776939,106124620,KRW
COMP0393,EMP053,2016-01-01,72862793,10814221,83677014,KRW
COMP0394,EMP053,2017-01-01,80682385,10411347,91093732,KRW
COMP0395,EMP053,2018-01-01,73049479,5708744,78758223,KRW
COMP0396,EMP053,2019-01-01,82525210,13940077,96465287,KRW
COMP0397,EMP053,2020-01-01,81520676,10793303,92313979,KRW
COMP0398,EMP053,2021-01-01,86919682,6490379,93410061,KRW
COMP0399,EMP053,2022-01-01,74839329,8726288,83565617,KRW
COMP0400,EMP053,2023-01-01,78454915,12375867,90830782,KRW
COMP0401,EMP053,2024-01-01,78190207,11970483,90160690,KRW
COMP0402,EMP055,2017-01-01,54752317,8170170,62922487,KRW
COMP0403,EMP055,2018-01-01,56373904,7077849,63451753,KRW
COMP0404,EMP055,2019-01-01,55734568,10118564,65853132,KRW
COMP0405,EMP055,2020-01-01,49849226,9684098,59533324,KRW
COMP0406,EMP055,2021-01-01,56718071,9315339,66033410,KRW
COMP0407,EMP055,2022-01-01,51428276,4358696,55786972,KRW
COMP0408,EMP055,2023-01-01,52632578,2974598,55607176,KRW
COMP0409,EMP055,2024-01-01,57570149,5029536,62599685,KRW
COMP0410,EMP056,2021-01-01,49231788,11678735,60910523,KRW
COMP0411,EMP056,2022-01-01,57713934,7901138,65615072,KRW
COMP0412,EMP056,2023-01-01,48667248,12049354,60716602,KRW
COMP0413,EMP056,2024-01-01,51881959,5851667,57733626,KRW
COMP0414,EMP057,2016-01-01,64760484,6765604,71526088,KRW
COMP0415,EMP057,2017-01-01,70485797,8145099,78630896,KRW
COMP0416,EMP057,2018-01-01,69615696,7968877,77584573,KRW
COMP0417,EMP057,2019-01-01,59528938,4380195,63909133,KRW
COMP0418,EMP057,2020-01-01,61764692,3154267,64918959,KRW
COMP0419,EMP057,2021-01-01,70776228,10622110,81398338,KRW
COMP0420,EMP057,2022-01-01,65380094,11983781,77363875,KRW
COMP0421,EMP057,2023-01-01,58093301,15493418,73586719,KRW
COMP0422,EMP057,2024-01-01,59887411,5628052,65515463,KRW
COMP0423,EMP058,2022-01-01,35089672,3468286,38557958,KRW
COMP0424,EMP058,2023-01-01,35676766,2630313,38307079,KRW
COMP0425,EMP058,2024-01-01,36924351,6924927,43849278,KRW
COMP0426,EMP059,2019-01-01,49075827,8288870,57364697,KRW
COMP0427,EMP059,2020-01-01,53916813,3633126,57549939,KRW
COMP0428,EMP059,2021-01-01,57753571,3804118,61557689,KRW
COMP0429,EMP059,2022-01-01,54384120,9634195,64018315,KRW
COMP0430,EMP059,2023-01-01,48190207,6890802,55081009,KRW
COMP0431,EMP059,2024-01-01,52132232,8628057,60760289,KRW
COMP0432,EMP060,2023-01-01,37988799,2546537,40535336,KRW
COMP0433,EMP060,2024-01-01,35864657,263121,36127778,KRW
COMP0434,EMP061,2019-01-01,67129700,4531395,71661095,KRW
COMP0435,EMP061,2020-01-01,70506960,11370375,81877335,KRW
COMP0436,EMP061,2021-01-01,64503718,15910711,80414429,KRW
COMP0437,EMP061,2022-01-01,70263617,6621092,76884709,KRW
COMP0438,EMP061,2023-01-01,64240826,16481070,80721896,KRW
COMP0439,EMP061,2024-01-01,58687505,9964503,68652008,KRW
COMP0440,EMP062,2023-01-01,38775257,1412119,40187376,KRW
COMP0441,EMP062,2024-01-01,38116463,5063468,43179931,KRW
COMP0442,EMP063,2021-01-01,48489501,8332361,56821862,KRW
COMP0443,EMP063,2022-01-01,57797774,0,57797774,KRW
COMP0444,EMP063,2023-01-01,57597858,9138883,66736741,KRW
COMP0445,EMP063,2024-01-01,54803508,10432575,65236083,KRW
COMP0446,EMP064,2016-01-01,74110977,10666947,84777924,KRW
COMP0447,EMP064,2017-01-01,88179466,10254983,98434449,KRW
COMP0448,EMP064,2018-01-01,72966623,7998922,80965545,KRW
COMP0449,EMP064,2019-01-01,74852963,7943445,82796408,KRW
COMP0450,EMP064,2020-01-01,87988424,4350254,92338678,KRW
COMP0451,EMP064,2021-01-01,77540161,6106176,83646337,KRW
COMP0452,EMP064,2022-01-01,73563760,6988877,80552637,KRW
COMP0453,EMP064,2023-01-01,81782931,10370865,92153796,KRW
COMP0454,EMP064,2024-01-01,84219688,7292676,91512364,KRW
COMP0455,EMP065,2019-01-01,71253671,4834721,76088392,KRW
COMP0456,EMP065,2020-01-01,61230129,10138867,71368996,KRW
COMP0457,EMP065,2021-01-01,63789829,9073263,72863092,KRW
COMP0458,EMP065,2022-01-01,58197760,5100814,63298574,KRW
COMP0459,EMP065,2023-01-01,68237196,10261284,78498480,KRW
COMP0460,EMP065,2024-01-01,63944257,5934700,69878957,KRW
COMP0461,EMP066,2023-01-01,38149463,4722289,42871752,KRW
COMP0462,EMP066,2024-01-01,39730605,7092018,46822623,KRW
COMP0463,EMP067,2017-01-01,71188374,5963844,77152218,KRW
COMP0464,EMP067,2018-01-01,58921954,2925787,61847741,KRW
COMP0465,EMP067,2019-01-01,67289084,7488731,74777815,KRW
COMP0466,EMP067,2020-01-01,60108543,2295671,62404214,KRW
COMP0467,EMP067,2021-01-01,67347054,6960526,74307580,KRW
COMP0468,EMP067,2022-01-01,59498187,6137937,65636124,KRW
COMP0469,EMP067,2023-01-01,60666592,0,60666592,KRW
COMP0470,EMP067,2024-01-01,58032025,8811472,66843497,KRW
COMP0471,EMP068,2018-01-01,79200436,8635905,87836341,KRW
COMP0472,EMP068,2019-01-01,72524535,13845933,86370468,KRW
COMP0473,EMP068,2020-01-01,85832225,11409842,97242067,KRW
COMP0474,EMP068,2021-01-01,73981971,12143142,86125113,KRW
COMP0475,EMP068,2022-01-01,72299381,13838269,86137650,KRW
COMP0476,EMP068,2023-01-01,83201996,9326692,92528688,KRW
COMP0477,EMP068,2024-01-01,85371277,10240336,95611613,KRW
COMP0478,EMP069,2022-01-01,52439490,1341790,53781280,KRW
COMP0479,EMP069,2023-01-01,49621739,9645089,59266828,KRW
COMP0480,EMP069,2024-01-01,51294636,5706946,57001582,KRW
COMP0481,EMP070,2019-01-01,63895613,3811767,67707380,KRW
COMP0482,EMP070,2020-01-01,66059875,10859143,76919018,KRW
COMP0483,EMP070,2021-01-01,69921908,0,69921908,KRW
COMP0484,EMP070,2022-01-01,61025512,5751260,66776772,KRW
COMP0485,EMP070,2023-01-01,63084860,11008223,74093083,KRW
COMP0486,EMP070,2024-01-01,64067131,6005440,70072571,KRW
COMP0487,EMP071,2018-01-01,57451580,4419444,61871024,KRW
COMP0488,EMP071,2019-01-01,56100858,5331304,61432162,KRW
COMP0489,EMP071,2020-01-01,56045100,0,56045100,KRW
COMP0490,EMP071,2021-01-01,57056619,9296161,66352780,KRW
COMP0491,EMP071,2022-01-01,52446361,5906867,58353228,KRW
COMP0492,EMP071,2023-01-01,56281534,5834173,62115707,KRW
COMP0493,EMP071,2024-01-01,52489886,5452643,57942529,KRW
COMP0494,EMP072,2018-01-01,57569454,6956968,64526422,KRW
COMP0495,EMP072,2019-01-01,52547791,8365936,60913727,KRW
COMP0496,EMP072,2020-01-01,55534560,6490667,62025227,KRW
COMP0497,EMP072,2021-01-01,51061459,1955746,53017205,KRW
COMP0498,EMP072,2022-01-01,55325983,8549577,63875560,KRW
COMP0499,EMP072,2023-01-01,57239399,8580997,65820396,KRW
COMP0500,EMP072,2024-01-01,50670462,6705304,57375766,KRW
COMP0501,EMP073,2021-01-01,36270451,6692423,42962874,KRW
COMP0502,EMP073,2022-01-01,40469226,4930071,45399297,KRW
COMP0503,EMP073,2023-01-01,37670689,7032460,44703149,KRW
COMP0504,EMP073,2024-01-01,37539794,7674359,45214153,KRW
COMP0505,EMP074,2016-01-01,77354406,11985196,89339602,KRW
COMP0506,EMP074,2017-01-01,85067373,6390599,91457972,KRW
COMP0507,EMP074,2018-01-01,86568086,9708858,96276944,KRW
COMP0508,EMP074,2019-01-01,78780546,15309530,94090076,KRW
COMP0509,EMP074,2020-01-01,74272804,2238755,76511559,KRW
COMP0510,EMP074,2021-01-01,82213373,7932174,90145547,KRW
COMP0511,EMP074,2022-01-01,74937962,7450490,82388452,KRW
COMP0512,EMP074,2023-01-01,82271674,5601661,87873335,KRW
COMP0513,EMP074,2024-01-01,78443195,13521468,91964663,KRW
COMP0514,EMP075,2018-01-01,56741347,8091821,64833168,KRW
COMP0515,EMP075,2019-01-01,54671343,4228090,58899433,KRW
COMP0516,EMP075,2020-01-01,56835635,8885158,65720793,KRW
COMP0517,EMP075,2021-01-01,48887406,5401815,54289221,KRW
COMP0518,EMP075,2022-01-01,55959428,3726244,59685672,KRW
COMP0519,EMP075,2023-01-01,55151820,4259093,59410913,KRW
COMP0520,EMP075,2024-01-01,52236296,7635017,59871313,KRW
COMP0521,EMP076,2022-01-01,55367584,9763552,65131136,KRW
COMP0522,EMP076,2023-01-01,51894177,4711675,56605852,KRW
COMP0523,EMP076,2024-01-01,54335614,8295226,62630840,KRW
COMP0524,EMP077,2023-01-01,38935148,8367367,47302515,KRW
COMP0525,EMP077,2024-01-01,38882997,1729040,40612037,KRW
COMP0526,EMP078,2018-01-01,85225410,12045775,97271185,KRW
COMP0527,EMP078,2019-01-01,72337922,12285825,84623747,KRW
COMP0528,EMP078,2020-01-01,82631355,9444021,92075376,KRW
COMP0529,EMP078,2021-01-01,74438813,14463237,88902050,KRW
COMP0530,EMP078,2022-01-01,89503649,22548674,112052323,KRW
COMP0531,EMP078,2023-01-01,79591366,11190651,90782017,KRW
COMP0532,EMP078,2024-01-01,85390338,9050062,94440400,KRW
COMP0533,EMP079,2016-01-01,85880896,15339957,101220853,KRW
COMP0534,EMP079,2017-01-01,87575531,14933741,102509272,KRW
COMP0535,EMP079,2018-01-01,84992850,0,84992850,KRW
COMP0536,EMP079,2019-01-01,85560327,10253195,95813522,KRW
COMP0537,EMP079,2020-01-01,81759296,7875385,89634681,KRW
COMP0538,EMP079,2021-01-01,89774848,12909833,102684681,KRW
COMP0539,EMP079,2022-01-01,89443559,9693937,99137496,KRW
COMP0540,EMP079,2023-01-01,85558833,9829805,95388638,KRW
COMP0541,EMP079,2024-01-01,85483460,5830590,91314050,KRW
COMP0542,EMP080,2016-01-01,87569653,14367706,101937359,KRW
COMP0543,EMP080,2017-01-01,83215394,18249346,101464740,KRW
COMP0544,EMP080,2018-01-01,78927757,5457040,84384797,KRW
COMP0545,EMP080,2019-01-01,87514799,3165996,90680795,KRW
COMP0546,EMP080,2020-01-01,77365876,9376759,86742635,KRW
COMP0547,EMP080,2021-01-01,84331715,9974810,94306525,KRW
COMP0548,EMP080,2022-01-01,85647729,16294991,101942720,KRW
COMP0549,EMP080,2023-01-01,82875544,3832853,86708397,KRW
COMP0550,EMP080,2024-01-01,76561750,6716202,83277952,KRW
COMP0551,EMP081,2016-01-01,82582030,0,82582030,KRW
COMP0552,EMP081,2017-01-01,81365164,16476365,97841529,KRW
COMP0553,EMP081,2018-01-01,85483202,11543025,97026227,KRW
COMP0554,EMP081,2019-01-01,76669899,7068506,83738405,KRW
COMP0555,EMP081,2020-01-01,84119152,3420596,87539748,KRW
COMP0556,EMP081,2021-01-01,83796003,3868981,87664984,KRW
COMP0557,EMP081,2022-01-01,84519230,12243118,96762348,KRW
COMP0558,EMP081,2023-01-01,75418633,4039006,79457639,KRW
COMP0559,EMP081,2024-01-01,77187409,9744163,86931572,KRW
COMP0560,EMP083,2024-01-01,35843945,8694905,44538850,KRW
COMP0561,EMP084,2021-01-01,50216226,4978674,55194900,KRW
COMP0562,EMP084,2022-01-01,54150189,3374278,57524467,KRW
COMP0563,EMP084,2023-01-01,55601198,7946547,63547745,KRW
COMP0564,EMP084,2024-01-01,57737047,2682029,60419076,KRW
COMP0565,EMP085,2019-01-01,42656021,9520784,52176805,KRW
COMP0566,EMP085,2020-01-01,45278827,9246714,54525541,KRW
COMP0567,EMP085,2021-01-01,47270055,5206782,52476837,KRW
COMP0568,EMP085,2022-01-01,45306968,2997618,48304586,KRW
COMP0569,EMP085,2023-01-01,41886884,3956375,45843259,KRW
COMP0570,EMP085,2024-01-01,46526966,4757850,51284816,KRW
COMP0571,EMP086,2022-01-01,52823858,7554552,60378410,KRW
COMP0572,EMP086,2023-01-01,50080084,9133502,59213586,KRW
COMP0573,EMP086,2024-01-01,48292717,2791765,51084482,KRW
COMP0574,EMP087,2015-01-01,129295071,23357745,152652816,KRW
COMP0575,EMP087,2016-01-01,121958966,19155013,141113979,KRW
COMP0576,EMP087,2017-01-01,131379493,11762751,143142244,KRW
COMP0577,EMP087,2018-01-01,124327747,6812823,131140570,KRW
COMP0578,EMP087,2019-01-01,113944355,14467966,128412321,KRW
COMP0579,EMP087,2020-01-01,119305881,6731797,126037678,KRW
COMP0580,EMP087,2021-01-01,110431285,20034537,130465822,KRW
COMP0581,EMP087,2022-01-01,134548421,7072811,141621232,KRW
COMP0582,EMP087,2023-01-01,115624035,17674564,133298599,KRW
COMP0583,EMP087,2024-01-01,124709033,14361868,139070901,KRW
COMP0584,EMP088,2019-01-01,44466185,3840211,48306396,KRW
COMP0585,EMP088,2020-01-01,46678082,5313371,51991453,KRW
COMP0586,EMP088,2021-01-01,45600761,8426974,54027735,KRW
COMP0587,EMP088,2022-01-01,45416090,2201070,47617160,KRW
COMP0588,EMP088,2023-01-01,45047477,4291700,49339177,KRW
COMP0589,EMP088,2024-01-01,46200557,3460208,49660765,KRW
COMP0590,EMP089,2021-01-01,44940667,5288751,50229418,KRW
COMP0591,EMP089,2022-01-01,41323932,3261249,44585181,KRW
COMP0592,EMP089,2023-01-01,41641440,579445,42220885,KRW
COMP0593,EMP089,2024-01-01,46360528,2628259,48988787,KRW
COMP0594,EMP090,2023-01-01,38018641,8298150,46316791,KRW
COMP0595,EMP090,2024-01-01,37260646,5022872,42283518,KRW
COMP0596,EMP091,2015-01-01,86627969,11499145,98127114,KRW
COMP0597,EMP091,2016-01-01,87151113,8980334,96131447,KRW
COMP0598,EMP091,2017-01-01,80077493,9361257,89438750,KRW
COMP0599,EMP091,2018-01-01,87390257,8233148,95623405,KRW
COMP0600,EMP091,2019-01-01,82765288,12548518,95313806,KRW
COMP0601,EMP091,2020-01-01,73337926,9244137,82582063,KRW
COMP0602,EMP091,2021-01-01,75411239,3749741,79160980,KRW
COMP0603,EMP091,2022-01-01,83808595,11332889,95141484,KRW
COMP0604,EMP091,2023-01-01,89192106,0,89192106,KRW
COMP0605,EMP091,2024-01-01,80280364,11627129,91907493,KRW
COMP0606,EMP094,2017-01-01,82851271,2936132,85787403,KRW
COMP0607,EMP094,2018-01-01,78488992,8966323,87455315,KRW
COMP0608,EMP094,2019-01-01,76226303,3683433,79909736,KRW
COMP0609,EMP094,2020-01-01,87609401,10527968,98137369,KRW
COMP0610,EMP094,2021-01-01,76281549,11800504,88082053,KRW
COMP0611,EMP094,2022-01-01,73001211,15342637,88343848,KRW
COMP0612,EMP094,2023-01-01,89345519,2458658,91804177,KRW
COMP0613,EMP094,2024-01-01,79493517,14191848,93685365,KRW
COMP0614,EMP095,2021-01-01,39773283,5085776,44859059,KRW
COMP0615,EMP095,2022-01-01,35740519,3322437,39062956,KRW
COMP0616,EMP095,2023-01-01,40952617,6781400,47734017,KRW
COMP0617,EMP095,2024-01-01,40095693,4243908,44339601,KRW
COMP0618,EMP096,2019-01-01,44915000,7323472,52238472,KRW
COMP0619,EMP096,2020-01-01,45139398,2729300,47868698,KRW
COMP0620,EMP096,2021-01-01,43750020,3588384,47338404,KRW
COMP0621,EMP096,2022-01-01,41464388,7323274,48787662,KRW
COMP0622,EMP096,2023-01-01,40192266,8405168,48597434,KRW
COMP0623,EMP096,2024-01-01,45773092,5396559,51169651,KRW
COMP0624,EMP097,2021-01-01,39155896,0,39155896,KRW
COMP0625,EMP097,2022-01-01,37532764,4055679,41588443,KRW
COMP0626,EMP097,2023-01-01,37389725,4559511,41949236,KRW
COMP0627,EMP097,2024-01-01,39957514,4236838,44194352,KRW
COMP0628,EMP100,2023-01-01,38399705,5382882,43782587,KRW
COMP0629,EMP100,2024-01-01,36626758,3347151,39973909,KRW
COMP0630,EMP101,2018-01-01,69046326,11760816,80807142,KRW
COMP0631,EMP101,2019-01-01,71913253,3595461,75508714,KRW
COMP0632,EMP101,2020-01-01,65542872,12729141,78272013,KRW
COMP0633,EMP101,2021-01-01,63642020,13556051,77198071,KRW
COMP0634,EMP101,2022-01-01,71644261,4672381,76316642,KRW
COMP0635,EMP101,2023-01-01,65326068,4258215,69584283,KRW
COMP0636,EMP101,2024-01-01,69352251,10031228,79383479,KRW
COMP0637,EMP102,2021-01-01,44426536,2166538,46593074,KRW
COMP0638,EMP102,2022-01-01,41532439,3756352,45288791,KRW
COMP0639,EMP102,2023-01-01,47060862,8760455,55821317,KRW
COMP0640,EMP102,2024-01-01,46345532,7612550,53958082,KRW
COMP0641,EMP103,2020-01-01,53233440,12712772,65946212,KRW
COMP0642,EMP103,2021-01-01,52194828,6798222,58993050,KRW
COMP0643,EMP103,2022-01-01,53927525,4494844,58422369,KRW
COMP0644,EMP103,2023-01-01,51616455,6352675,57969130,KRW
COMP0645,EMP103,2024-01-01,50786728,5635534,56422262,KRW
COMP0646,EMP104,2023-01-01,37056394,4143148,41199542,KRW
COMP0647,EMP104,2024-01-01,38609246,4577966,43187212,KRW
COMP0648,EMP105,2018-01-01,87832432,5629531,93461963,KRW
COMP0649,EMP105,2019-01-01,72435740,9918847,82354587,KRW
COMP0650,EMP105,2020-01-01,82457284,2925601,85382885,KRW
COMP0651,EMP105,2021-01-01,80017371,6160569,86177940,KRW
COMP0652,EMP105,2022-01-01,80839206,9124100,89963306,KRW
COMP0653,EMP105,2023-01-01,87638436,0,87638436,KRW
COMP0654,EMP105,2024-01-01,83951858,13947719,97899577,KRW
COMP0655,EMP106,2016-01-01,131618956,0,131618956,KRW
COMP0656,EMP106,2017-01-01,120689652,19331496,140021148,KRW
COMP0657,EMP106,2018-01-01,119097161,5053464,124150625,KRW
COMP0658,EMP106,2019-01-01,126365271,12093772,138459043,KRW
COMP0659,EMP106,2020-01-01,123903727,18727780,142631507,KRW
COMP0660,EMP106,2021-01-01,136092160,34280032,170372192,KRW
COMP0661,EMP106,2022-01-01,137344789,17441019,154785808,KRW
COMP0662,EMP106,2023-01-01,124298620,129571,124428191,KRW
COMP0663,EMP106,2024-01-01,124624478,22086162,146710640,KRW
COMP0664,EMP107,2020-01-01,70779066,7508589,78287655,KRW
COMP0665,EMP107,2021-01-01,60552180,7520241,68072421,KRW
COMP0666,EMP107,2022-01-01,64870867,9955847,74826714,KRW
COMP0667,EMP107,2023-01-01,71681208,0,71681208,KRW
COMP0668,EMP107,2024-01-01,60866399,7327840,68194239,KRW
COMP0669,EMP108,2022-01-01,46261434,4414190,50675624,KRW
COMP0670,EMP108,2023-01-01,45513887,8798293,54312180,KRW
COMP0671,EMP108,2024-01-01,41398449,6773896,48172345,KRW
COMP0672,EMP109,2023-01-01,37160498,831647,37992145,KRW
COMP0673,EMP109,2024-01-01,36599019,7164534,43763553,KRW
COMP0674,EMP110,2024-01-01,35382008,5200146,40582154,KRW
COMP0675,EMP111,2019-01-01,44293769,1203262,45497031,KRW
COMP0676,EMP111,2020-01-01,40240130,4963426,45203556,KRW
COMP0677,EMP111,2021-01-01,46994924,8557285,55552209,KRW
COMP0678,EMP111,2022-01-01,47658440,2247446,49905886,KRW
COMP0679,EMP111,2023-01-01,41661591,8442914,50104505,KRW
COMP0680,EMP111,2024-01-01,40627656,1188045,41815701,KRW
COMP0681,EMP112,2015-01-01,80032770,5804486,85837256,KRW
COMP0682,EMP112,2016-01-01,78064655,4951465,83016120,KRW
COMP0683,EMP112,2017-01-01,77827209,15769039,93596248,KRW
COMP0684,EMP112,2018-01-01,78185788,7078865,85264653,KRW
COMP0685,EMP112,2019-01-01,80406235,4038883,84445118,KRW
COMP0686,EMP112,2020-01-01,75095276,11017427,86112703,KRW
COMP0687,EMP112,2021-01-01,77460597,12368200,89828797,KRW
COMP0688,EMP112,2022-01-01,80406893,12869297,93276190,KRW
COMP0689,EMP112,2023-01-01,87496328,9075088,96571416,KRW
COMP0690,EMP112,2024-01-01,74724793,10108176,84832969,KRW
COMP0691,EMP113,2015-01-01,122203522,9896776,132100298,KRW
COMP0692,EMP113,2016-01-01,115047783,25366667,140414450,KRW
COMP0693,EMP113,2017-01-01,126519600,23868214,150387814,KRW
COMP0694,EMP113,2018-01-01,113243894,20947562,134191456,KRW
COMP0695,EMP113,2019-01-01,127834039,21430987,149265026,KRW
COMP0696,EMP113,2020-01-01,115742146,17498360,133240506,KRW
COMP0697,EMP113,2021-01-01,132207932,5994076,138202008,KRW
COMP0698,EMP113,2022-01-01,129839498,20514390,150353888,KRW
COMP0699,EMP113,2023-01-01,121396054,15399807,136795861,KRW
COMP0700,EMP113,2024-01-01,134894627,26412616,161307243,KRW
COMP0701,EMP114,2015-01-01,129734036,21853069,151587105,KRW
COMP0702,EMP114,2016-01-01,111230761,17020845,128251606,KRW
COMP0703,EMP114,2017-01-01,123050492,2331377,125381869,KRW
COMP0704,EMP114,2018-01-01,130653207,14980692,145633899,KRW
COMP0705,EMP114,2019-01-01,132694512,11481586,144176098,KRW
COMP0706,EMP114,2020-01-01,110596526,14946230,125542756,KRW
COMP0707,EMP114,2021-01-01,134232494,12761094,146993588,KRW
COMP0708,EMP114,2022-01-01,121273077,12544881,133817958,KRW
COMP0709,EMP114,2023-01-01,123510786,18223032,141733818,KRW
COMP0710,EMP114,2024-01-01,115193330,10836433,126029763,KRW
COMP0711,EMP115,2016-01-01,63516237,8085330,71601567,KRW
COMP0712,EMP115,2017-01-01,59641630,1719783,61361413,KRW
COMP0713,EMP115,2018-01-01,71019852,4975360,75995212,KRW
COMP0714,EMP115,2019-01-01,66046172,10525290,76571462,KRW
COMP0715,EMP115,2020-01-01,58120272,2684486,60804758,KRW
COMP0716,EMP115,2021-01-01,68880506,13414031,82294537,KRW
COMP0717,EMP115,2022-01-01,61821660,11032938,72854598,KRW
COMP0718,EMP115,2023-01-01,63599922,6608426,70208348,KRW
COMP0719,EMP115,2024-01-01,66211119,19858306,86069425,KRW
COMP0720,EMP116,2018-01-01,70247152,13669127,83916279,KRW
COMP0721,EMP116,2019-01-01,66155993,4170687,70326680,KRW
COMP0722,EMP116,2020-01-01,61974849,10211623,72186472,KRW
COMP0723,EMP116,2021-01-01,65948699,8174458,74123157,KRW
COMP0724,EMP116,2022-01-01,70063608,5142477,75206085,KRW
COMP0725,EMP116,2023-01-01,62096589,3465328,65561917,KRW
COMP0726,EMP116,2024-01-01,69109379,12418513,81527892,KRW
COMP0727,EMP117,2021-01-01,40795019,3431810,44226829,KRW
COMP0728,EMP117,2022-01-01,44625319,5082262,49707581,KRW
COMP0729,EMP117,2023-01-01,46447585,3006944,49454529,KRW
COMP0730,EMP117,2024-01-01,46368736,3482780,49851516,KRW
COMP0731,EMP119,2018-01-01,69309618,7789309,77098927,KRW
COMP0732,EMP119,2019-01-01,66379799,9511623,75891422,KRW
COMP0733,EMP119,2020-01-01,60885797,0,60885797,KRW
COMP0734,EMP119,2021-01-01,60972400,7378586,68350986,KRW
COMP0735,EMP119,2022-01-01,66218050,4981765,71199815,KRW
COMP0736,EMP119,2023-01-01,59755192,12198530,71953722,KRW
COMP0737,EMP119,2024-01-01,63776648,18913931,82690579,KRW
COMP0738,EMP120,2023-01-01,38215263,3762034,41977297,KRW
COMP0739,EMP120,2024-01-01,40563779,676047,41239826,KRW
COMP0740,EMP121,2022-01-01,39987722,5078945,45066667,KRW
COMP0741,EMP121,2023-01-01,41451140,4463220,45914360,KRW
COMP0742,EMP121,2024-01-01,41073838,9787116,50860954,KRW
COMP0743,EMP123,2023-01-01,38118018,8385787,46503805,KRW
COMP0744,EMP123,2024-01-01,38134534,6556184,44690718,KRW
COMP0745,EMP124,2016-01-01,78016479,6615669,84632148,KRW
COMP0746,EMP124,2017-01-01,82644866,13278219,95923085,KRW
COMP0747,EMP124,2018-01-01,84080511,11426573,95507084,KRW
COMP0748,EMP124,2019-01-01,85673888,11521372,97195260,KRW
COMP0749,EMP124,2020-01-01,82373367,2183405,84556772,KRW
COMP0750,EMP124,2021-01-01,85781961,15758808,101540769,KRW
COMP0751,EMP124,2022-01-01,74468038,9417861,83885899,KRW
COMP0752,EMP124,2023-01-01,88210590,10051554,98262144,KRW
COMP0753,EMP124,2024-01-01,89245965,7495823,96741788,KRW
COMP0754,EMP125,2022-01-01,48552748,3514394,52067142,KRW
COMP0755,EMP125,2023-01-01,49521721,6885277,56406998,KRW
COMP0756,EMP125,2024-01-01,49293946,741885,50035831,KRW
COMP0757,EMP126,2022-01-01,54485421,9119220,63604641,KRW
COMP0758,EMP126,2023-01-01,53569660,3040275,56609935,KRW
COMP0759,EMP126,2024-01-01,48448196,0,48448196,KRW
COMP0760,EMP127,2024-01-01,37135463,8515671,45651134,KRW
COMP0761,EMP128,2019-01-01,47800454,3275037,51075491,KRW
COMP0762,EMP128,2020-01-01,45446080,3484371,48930451,KRW
COMP0763,EMP128,2021-01-01,46987399,8837028,55824427,KRW
COMP0764,EMP128,2022-01-01,47730776,11038498,58769274,KRW
COMP0765,EMP128,2023-01-01,47404634,1328273,48732907,KRW
COMP0766,EMP128,2024-01-01,46753647,2928177,49681824,KRW
COMP0767,EMP129,2017-01-01,73468816,4925295,78394111,KRW
COMP0768,EMP129,2018-01-01,78232652,13775839,92008491,KRW
COMP0769,EMP129,2019-01-01,83467968,18225057,101693025,KRW
COMP0770,EMP129,2020-01-01,82824579,4570661,87395240,KRW
COMP0771,EMP129,2021-01-01,72614868,14877676,87492544,KRW
COMP0772,EMP129,2022-01-01,83554202,6471937,90026139,KRW
COMP0773,EMP129,2023-01-01,81745263,11458018,93203281,KRW
COMP0774,EMP129,2024-01-01,89180045,3898307,93078352,KRW
COMP0775,EMP130,2021-01-01,49902844,5623260,55526104,KRW
COMP0776,EMP130,2022-01-01,55237057,6260194,61497251,KRW
COMP0777,EMP130,2023-01-01,54507424,5510182,60017606,KRW
COMP0778,EMP130,2024-01-01,50676750,7251754,57928504,KRW
COMP0779,EMP131,2022-01-01,42419289,2527262,44946551,KRW
COMP0780,EMP131,2023-01-01,47920964,3209583,51130547,KRW
COMP0781,EMP131,2024-01-01,47227438,6908067,54135505,KRW
COMP0782,EMP133,2015-01-01,112846877,22628294,135475171,KRW
COMP0783,EMP133,2016-01-01,137743414,16340663,154084077,KRW
COMP0784,EMP133,2017-01-01,112284455,16867398,129151853,KRW
COMP0785,EMP133,2018-01-01,119991565,19856780,139848345,KRW
COMP0786,EMP133,2019-01-01,121732883,20673933,142406816,KRW
COMP0787,EMP133,2020-01-01,115783116,7269850,123052966,KRW
COMP0788,EMP133,2021-01-01,125092566,9179215,134271781,KRW
COMP0789,EMP133,2022-01-01,122588628,9634917,132223545,KRW
COMP0790,EMP133,2023-01-01,132142435,31148354,163290789,KRW
COMP0791,EMP133,2024-01-01,112767400,16970543,129737943,KRW
COMP0792,EMP134,2024-01-01,41429454,6123229,47552683,KRW
COMP0793,EMP135,2023-01-01,39186399,5563455,44749854,KRW
COMP0794,EMP135,2024-01-01,36160199,1473614,37633813,KRW
COMP0795,EMP136,2024-01-01,38309614,9052233,47361847,KRW
COMP0796,EMP137,2016-01-01,64957242,9662471,74619713,KRW
COMP0797,EMP137,2017-01-01,60389967,9867092,70257059,KRW
COMP0798,EMP137,2018-01-01,59479497,836800,60316297,KRW
COMP0799,EMP137,2019-01-01,60644728,10114244,70758972,KRW
COMP0800,EMP137,2020-01-01,61029356,6019157,67048513,KRW
COMP0801,EMP137,2021-01-01,58533229,2378381,60911610,KRW
COMP0802,EMP137,2022-01-01,59031915,3705680,62737595,KRW
COMP0803,EMP137,2023-01-01,58507929,2580571,61088500,KRW
COMP0804,EMP137,2024-01-01,58242520,2509841,60752361,KRW
COMP0805,EMP138,2017-01-01,67533615,8349374,75882989,KRW
COMP0806,EMP138,2018-01-01,62660377,6065163,68725540,KRW
COMP0807,EMP138,2019-01-01,68030731,9527306,77558037,KRW
COMP0808,EMP138,2020-01-01,65633977,14476134,80110111,KRW
COMP0809,EMP138,2021-01-01,70698837,7934514,78633351,KRW
COMP0810,EMP138,2022-01-01,63090394,0,63090394,KRW
COMP0811,EMP138,2023-01-01,60140682,6343789,66484471,KRW
COMP0812,EMP138,2024-01-01,59860949,11469577,71330526,KRW
COMP0813,EMP139,2022-01-01,45949505,5277008,51226513,KRW
COMP0814,EMP139,2023-01-01,41583493,8805713,50389206,KRW
COMP0815,EMP139,2024-01-01,41703194,6137729,47840923,KRW
COMP0816,EMP140,2024-01-01,37683904,365677,38049581,KRW
COMP0817,EMP141,2021-01-01,53537982,6776566,60314548,KRW
COMP0818,EMP141,2022-01-01,52762258,7271698,60033956,KRW
COMP0819,EMP141,2023-01-01,56020731,10353827,66374558,KRW
COMP0820,EMP141,2024-01-01,51878907,11889514,63768421,KRW
COMP0821,EMP142,2019-01-01,60420681,10541205,70961886,KRW
COMP0822,EMP142,2020-01-01,67412083,9871069,77283152,KRW
COMP0823,EMP142,2021-01-01,63434726,10185796,73620522,KRW
COMP0824,EMP142,2022-01-01,69801409,7672542,77473951,KRW
COMP0825,EMP142,2023-01-01,68442251,2205710,70647961,KRW
COMP0826,EMP142,2024-01-01,70243475,8604106,78847581,KRW
COMP0827,EMP143,2022-01-01,55639950,7896278,63536228,KRW
COMP0828,EMP143,2023-01-01,50681219,2421576,53102795,KRW
COMP0829,EMP143,2024-01-01,51556691,10290576,61847267,KRW
COMP0830,EMP144,2020-01-01,43466238,7838034,51304272,KRW
COMP0831,EMP144,2021-01-01,45852627,1728383,47581010,KRW
COMP0832,EMP144,2022-01-01,44534523,8993744,53528267,KRW
COMP0833,EMP144,2023-01-01,46134645,4682718,50817363,KRW
COMP0834,EMP144,2024-01-01,47138718,3454820,50593538,KRW
COMP0835,EMP145,2021-01-01,52487422,9697400,62184822,KRW
COMP0836,EMP145,2022-01-01,48822741,5709171,54531912,KRW
COMP0837,EMP145,2023-01-01,49508088,11582472,61090560,KRW
COMP0838,EMP145,2024-01-01,48597703,3344820,51942523,KRW
COMP0839,EMP146,2017-01-01,50605281,814772,51420053,KRW
COMP0840,EMP146,2018-01-01,54640286,5637440,60277726,KRW
COMP0841,EMP146,2019-01-01,57937793,9696083,67633876,KRW
COMP0842,EMP146,2020-01-01,51179805,3294516,54474321,KRW
COMP0843,EMP146,2021-01-01,51958566,2088421,54046987,KRW
COMP0844,EMP146,2022-01-01,52128670,6971461,59100131,KRW
COMP0845,EMP146,2023-01-01,53495658,1721424,55217082,KRW
COMP0846,EMP146,2024-01-01,51240854,7091814,58332668,KRW
COMP0847,EMP147,2022-01-01,45097556,4490030,49587586,KRW
COMP0848,EMP147,2023-01-01,47816490,7156597,54973087,KRW
COMP0849,EMP147,2024-01-01,45653739,1687831,47341570,KRW
COMP0850,EMP148,2017-01-01,58122275,11501804,69624079,KRW
COMP0851,EMP148,2018-01-01,67579951,7367426,74947377,KRW
COMP0852,EMP148,2019-01-01,69848168,11581619,81429787,KRW
COMP0853,EMP148,2020-01-01,62024781,11015137,73039918,KRW
COMP0854,EMP148,2021-01-01,65578646,3315217,68893863,KRW
COMP0855,EMP148,2022-01-01,64944084,11231134,76175218,KRW
COMP0856,EMP148,2023-01-01,65998247,2276675,68274922,KRW
COMP0857,EMP148,2024-01-01,62932621,2378332,65310953,KRW
COMP0858,EMP149,2020-01-01,69813596,16604462,86418058,KRW
COMP0859,EMP149,2021-01-01,61565592,11494985,73060577,KRW
COMP0860,EMP149,2022-01-01,68828809,16823127,85651936,KRW
COMP0861,EMP149,2023-01-01,69749099,6820566,76569665,KRW
COMP0862,EMP149,2024-01-01,66667564,8409827,75077391,KRW
COMP0863,EMP150,2022-01-01,52574235,7972424,60546659,KRW
COMP0864,EMP150,2023-01-01,55589628,6630078,62219706,KRW
COMP0865,EMP150,2024-01-01,50901704,3829428,54731132,KRW
COMP0866,EMP151,2016-01-01,66532148,4406751,70938899,KRW
COMP0867,EMP151,2017-01-01,61021359,8105572,69126931,KRW
COMP0868,EMP151,2018-01-01,68643387,3843234,72486621,KRW
COMP0869,EMP151,2019-01-01,66349763,3603335,69953098,KRW
COMP0870,EMP151,2020-01-01,62315516,8949400,71264916,KRW
COMP0871,EMP151,2021-01-01,66058756,7549884,73608640,KRW
COMP0872,EMP151,2022-01-01,59989619,10572113,70561732,KRW
COMP0873,EMP151,2023-01-01,59568063,5629498,65197561,KRW
COMP0874,EMP151,2024-01-01,66289590,5642877,71932467,KRW
COMP0875,EMP152,2015-01-01,66520373,9672940,76193313,KRW
COMP0876,EMP152,2016-01-01,60989867,4347266,65337133,KRW
COMP0877,EMP152,2017-01-01,67068729,5399860,72468589,KRW
COMP0878,EMP152,2018-01-01,66775589,5535211,72310800,KRW
COMP0879,EMP152,2019-01-01,68082641,7313292,75395933,KRW
COMP0880,EMP152,2020-01-01,63547054,14383633,77930687,KRW
COMP0881,EMP152,2021-01-01,63245037,2364900,65609937,KRW
COMP0882,EMP152,2022-01-01,66262105,13102036,79364141,KRW
COMP0883,EMP152,2023-01-01,71880369,11807587,83687956,KRW
COMP0884,EMP152,2024-01-01,58806698,12585734,71392432,KRW
COMP0885,EMP153,2018-01-01,79499000,23849700,103348700,KRW
COMP0886,EMP153,2019-01-01,83315707,17153636,100469343,KRW
COMP0887,EMP153,2020-01-01,80347233,14104154,94451387,KRW
COMP0888,EMP153,2021-01-01,81497933,3361807,84859740,KRW
COMP0889,EMP153,2022-01-01,85387951,4169208,89557159,KRW
COMP0890,EMP153,2023-01-01,77421166,10963720,88384886,KRW
COMP0891,EMP153,2024-01-01,79776819,1445191,81222010,KRW
COMP0892,EMP154,2016-01-01,127176446,19957336,147133782,KRW
COMP0893,EMP154,2017-01-01,119197201,0,119197201,KRW
COMP0894,EMP154,2018-01-01,123286385,23317647,146604032,KRW
COMP0895,EMP154,2019-01-01,113347129,11413827,124760956,KRW
COMP0896,EMP154,2020-01-01,115861136,14783396,130644532,KRW
COMP0897,EMP154,2021-01-01,138896318,10430788,149327106,KRW
COMP0898,EMP154,2022-01-01,132816189,808640,133624829,KRW
COMP0899,EMP154,2023-01-01,115878757,22489948,138368705,KRW
COMP0900,EMP154,2024-01-01,111578482,22331549,133910031,KRW
COMP0901,EMP155,2024-01-01,40707438,4026402,44733840,KRW
COMP0902,EMP156,2015-01-01,79165104,12643915,91809019,KRW
COMP0903,EMP156,2016-01-01,85587430,8263168,93850598,KRW
COMP0904,EMP156,2017-01-01,74332198,10206508,84538706,KRW
COMP0905,EMP156,2018-01-01,73478400,12164228,85642628,KRW
COMP0906,EMP156,2019-01-01,84321129,12926858,97247987,KRW
COMP0907,EMP156,2020-01-01,75982032,15231219,91213251,KRW
COMP0908,EMP156,2021-01-01,86632235,13092975,99725210,KRW
COMP0909,EMP156,2022-01-01,77158095,9388988,86547083,KRW
COMP0910,EMP156,2023-01-01,87600282,6510002,94110284,KRW
COMP0911,EMP156,2024-01-01,84195715,7686199,91881914,KRW
COMP0912,EMP157,2019-01-01,64980905,10955980,75936885,KRW
COMP0913,EMP157,2020-01-01,62168502,1858241,64026743,KRW
COMP0914,EMP157,2021-01-01,62350992,11619009,73970001,KRW
COMP0915,EMP157,2022-01-01,58454847,6028528,64483375,KRW
COMP0916,EMP157,2023-01-01,66315919,4700714,71016633,KRW
COMP0917,EMP157,2024-01-01,71542191,3868754,75410945,KRW
COMP0918,EMP158,2021-01-01,41472980,6654840,48127820,KRW
COMP0919,EMP158,2022-01-01,37006093,4408222,41414315,KRW
COMP0920,EMP158,2023-01-01,41738004,8987273,50725277,KRW
COMP0921,EMP158,2024-01-01,38465457,1700767,40166224,KRW
COMP0922,EMP159,2019-01-01,64453069,5498503,69951572,KRW
COMP0923,EMP159,2020-01-01,66154611,7572502,73727113,KRW
COMP0924,EMP159,2021-01-01,58296439,4365738,62662177,KRW
COMP0925,EMP159,2022-01-01,71151302,8564277,79715579,KRW
COMP0926,EMP159,2023-01-01,66056954,9193149,75250103,KRW
COMP0927,EMP159,2024-01-01,61785718,9210338,70996056,KRW
COMP0928,EMP160,2015-01-01,125476449,26396484,151872933,KRW
COMP0929,EMP160,2016-01-01,139371084,5824548,145195632,KRW
COMP0930,EMP160,2017-01-01,136744867,19180603,155925470,KRW
COMP0931,EMP160,2018-01-01,119863678,9730944,129594622,KRW
COMP0932,EMP160,2019-01-01,138089052,20133494,158222546,KRW
COMP0933,EMP160,2020-01-01,111263491,16231110,127494601,KRW
COMP0934,EMP160,2021-01-01,114310047,6948317,121258364,KRW
COMP0935,EMP160,2022-01-01,123778935,8160851,131939786,KRW
COMP0936,EMP160,2023-01-01,122830163,18510331,141340494,KRW
COMP0937,EMP160,2024-01-01,113328839,13758605,127087444,KRW
COMP0938,EMP161,2018-01-01,59467091,6352434,65819525,KRW
COMP0939,EMP161,2019-01-01,69886704,11145476,81032180,KRW
COMP0940,EMP161,2020-01-01,61776124,10125298,71901422,KRW
COMP0941,EMP161,2021-01-01,65052482,5739072,70791554,KRW
COMP0942,EMP161,2022-01-01,68795223,4738395,73533618,KRW
COMP0943,EMP161,2023-01-01,60499382,2679206,63178588,KRW
COMP0944,EMP161,2024-01-01,64664618,7889552,72554170,KRW
COMP0945,EMP162,2017-01-01,83015273,2873190,85888463,KRW
COMP0946,EMP162,2018-01-01,75138247,9464842,84603089,KRW
COMP0947,EMP162,2019-01-01,86096976,16617595,102714571,KRW
COMP0948,EMP162,2020-01-01,86571307,8552588,95123895,KRW
COMP0949,EMP162,2021-01-01,88909978,7808762,96718740,KRW
COMP0950,EMP162,2022-01-01,87103886,20893668,107997554,KRW
COMP0951,EMP162,2023-01-01,85661500,18038779,103700279,KRW
COMP0952,EMP162,2024-01-01,76825983,5694658,82520641,KRW
COMP0953,EMP163,2015-01-01,80452155,10325293,90777448,KRW
COMP0954,EMP163,2016-01-01,82840827,11574577,94415404,KRW
COMP0955,EMP163,2017-01-01,76121884,10064806,86186690,KRW
COMP0956,EMP163,2018-01-01,73859297,16904945,90764242,KRW
COMP0957,EMP163,2019-01-01,87839569,11000482,98840051,KRW
COMP0958,EMP163,2020-01-01,78216552,10499327,88715879,KRW
COMP0959,EMP163,2021-01-01,83437915,13460182,96898097,KRW
COMP0960,EMP163,2022-01-01,85300694,16326141,101626835,KRW
COMP0961,EMP163,2023-01-01,74916552,13201341,88117893,KRW
COMP0962,EMP163,2024-01-01,77102182,11741512,88843694,KRW
COMP0963,EMP164,2021-01-01,41931490,1110262,43041752,KRW
COMP0964,EMP164,2022-01-01,37431093,3395439,40826532,KRW
COMP0965,EMP164,2023-01-01,38085361,6442720,44528081,KRW
COMP0966,EMP164,2024-01-01,40639192,5487263,46126455,KRW
COMP0967,EMP166,2020-01-01,42376044,7185609,49561653,KRW
COMP0968,EMP166,2021-01-01,40723311,9497896,50221207,KRW
COMP0969,EMP166,2022-01-01,42198840,2083871,44282711,KRW
COMP0970,EMP166,2023-01-01,42791245,8056504,50847749,KRW
COMP0971,EMP166,2024-01-01,46374474,4645710,51020184,KRW
COMP0972,EMP167,2021-01-01,41410032,7293175,48703207,KRW
COMP0973,EMP167,2022-01-01,38677171,4545602,43222773,KRW
COMP0974,EMP167,2023-01-01,41636652,10310079,51946731,KRW
COMP0975,EMP167,2024-01-01,36091075,4612627,40703702,KRW
COMP0976,EMP168,2016-01-01,87564400,7142553,94706953,KRW
COMP0977,EMP168,2017-01-01,72338401,10502991,82841392,KRW
COMP0978,EMP168,2018-01-01,73578187,10259489,83837676,KRW
COMP0979,EMP168,2019-01-01,73716477,13879767,87596244,KRW
COMP0980,EMP168,2020-01-01,82030078,12048837,94078915,KRW
COMP0981,EMP168,2021-01-01,76072432,20425743,96498175,KRW
COMP0982,EMP168,2022-01-01,79097101,8962947,88060048,KRW
COMP0983,EMP168,2023-01-01,73949306,8431907,82381213,KRW
COMP0984,EMP168,2024-01-01,83861901,7024846,90886747,KRW
COMP0985,EMP169,2018-01-01,81182108,10159137,91341245,KRW
COMP0986,EMP169,2019-01-01,88662894,11868729,100531623,KRW
COMP0987,EMP169,2020-01-01,86766582,11875970,98642552,KRW
COMP0988,EMP169,2021-01-01,77839193,9654493,87493686,KRW
COMP0989,EMP169,2022-01-01,89808153,7490963,97299116,KRW
COMP0990,EMP169,2023-01-01,84557845,5673839,90231684,KRW
COMP0991,EMP169,2024-01-01,81054325,7901951,88956276,KRW
COMP0992,EMP170,2018-01-01,83778082,15791519,99569601,KRW
COMP0993,EMP170,2019-01-01,73499843,14803454,88303297,KRW
COMP0994,EMP170,2020-01-01,78870087,9100198,87970285,KRW
COMP0995,EMP170,2021-01-01,74286259,4717550,79003809,KRW
COMP0996,EMP170,2022-01-01,82736430,9525410,92261840,KRW
COMP0997,EMP170,2023-01-01,85741288,21049479,106790767,KRW
COMP0998,EMP170,2024-01-01,89159932,16043266,105203198,KRW
COMP0999,EMP171,2016-01-01,64585948,9884528,74470476,KRW
COMP1000,EMP171,2017-01-01,67944111,12077819,80021930,KRW
COMP1001,EMP171,2018-01-01,63091922,13402869,76494791,KRW
COMP1002,EMP171,2019-01-01,58177872,2957066,61134938,KRW
COMP1003,EMP171,2020-01-01,58027857,5598388,63626245,KRW
COMP1004,EMP171,2021-01-01,65116637,5748281,70864918,KRW
COMP1005,EMP171,2022-01-01,70435296,10933450,81368746,KRW
COMP1006,EMP171,2023-01-01,62631479,8117456,70748935,KRW
COMP1007,EMP171,2024-01-01,60627387,10026477,70653864,KRW
COMP1008,EMP172,2018-01-01,71175562,6376387,77551949,KRW
COMP1009,EMP172,2019-01-01,64042993,12956994,76999987,KRW
COMP1010,EMP172,2020-01-01,66451661,7697758,74149419,KRW
COMP1011,EMP172,2021-01-01,58141384,9399876,67541260,KRW
COMP1012,EMP172,2022-01-01,66319580,12715081,79034661,KRW
COMP1013,EMP172,2023-01-01,58172560,10872885,69045445,KRW
COMP1014,EMP172,2024-01-01,69473625,9840918,79314543,KRW
COMP1015,EMP173,2017-01-01,57789163,9775661,67564824,KRW
COMP1016,EMP173,2018-01-01,53436902,11996565,65433467,KRW
COMP1017,EMP173,2019-01-01,54045561,8150939,62196500,KRW
COMP1018,EMP173,2020-01-01,54321717,4140467,58462184,KRW
COMP1019,EMP173,2021-01-01,56083172,8691940,64775112,KRW
COMP1020,EMP173,2022-01-01,50489532,5945805,56435337,KRW
COMP1021,EMP173,2023-01-01,51157615,0,51157615,KRW
COMP1022,EMP173,2024-01-01,56200607,8301947,64502554,KRW
COMP1023,EMP174,2019-01-01,54217758,6885603,61103361,KRW
COMP1024,EMP174,2020-01-01,57760055,10938891,68698946,KRW
COMP1025,EMP174,2021-01-01,52128375,3909335,56037710,KRW
COMP1026,EMP174,2022-01-01,55379846,1642423,57022269,KRW
COMP1027,EMP174,2023-01-01,48432483,6302075,54734558,KRW
COMP1028,EMP174,2024-01-01,50726004,7244213,57970217,KRW
COMP1029,EMP175,2020-01-01,50580742,6354457,56935199,KRW
COMP1030,EMP175,2021-01-01,49800662,6037957,55838619,KRW
COMP1031,EMP175,2022-01-01,55605650,3107042,58712692,KRW
COMP1032,EMP175,2023-01-01,55585264,6206926,61792190,KRW
COMP1033,EMP175,2024-01-01,53616090,5313121,58929211,KRW
COMP1034,EMP176,2019-01-01,57512236,10603101,68115337,KRW
COMP1035,EMP176,2020-01-01,49975250,7134442,57109692,KRW
COMP1036,EMP176,2021-01-01,56334490,5820489,62154979,KRW
COMP1037,EMP176,2022-01-01,57920764,12941415,70862179,KRW
COMP1038,EMP176,2023-01-01,49386075,5129511,54515586,KRW
COMP1039,EMP176,2024-01-01,54184832,8315594,62500426,KRW
COMP1040,EMP177,2024-01-01,37113011,4081864,41194875,KRW
COMP1041,EMP178,2024-01-01,35545016,7744162,43289178,KRW
COMP1042,EMP179,2018-01-01,51208052,6411841,57619893,KRW
COMP1043,EMP179,2019-01-01,53023517,6733183,59756700,KRW
COMP1044,EMP179,2020-01-01,53736015,5997357,59733372,KRW
COMP1045,EMP179,2021-01-01,52297315,6892300,59189615,KRW
COMP1046,EMP179,2022-01-01,48355852,9282982,57638834,KRW
COMP1047,EMP179,2023-01-01,55775878,9523766,65299644,KRW
COMP1048,EMP179,2024-01-01,53535849,6514486,60050335,KRW
COMP1049,EMP180,2017-01-01,68193378,15144351,83337729,KRW
COMP1050,EMP180,2018-01-01,68301860,11773815,80075675,KRW
COMP1051,EMP180,2019-01-01,68643498,6432522,75076020,KRW
COMP1052,EMP180,2020-01-01,67134405,2495996,69630401,KRW
COMP1053,EMP180,2021-01-01,64923177,6174140,71097317,KRW
COMP1054,EMP180,2022-01-01,66402259,9615108,76017367,KRW
COMP1055,EMP180,2023-01-01,64858035,10106958,74964993,KRW
COMP1056,EMP180,2024-01-01,61220036,12338791,73558827,KRW
COMP1057,EMP181,2015-01-01,78879404,4285300,83164704,KRW
COMP1058,EMP181,2016-01-01,81344109,7617931,88962040,KRW
COMP1059,EMP181,2017-01-01,83498725,4119947,87618672,KRW
COMP1060,EMP181,2018-01-01,82413053,3269494,85682547,KRW
COMP1061,EMP181,2019-01-01,77136408,6350707,83487115,KRW
COMP1062,EMP181,2020-01-01,84344828,11976690,96321518,KRW
COMP1063,EMP181,2021-01-01,86576386,14396238,100972624,KRW
COMP1064,EMP181,2022-01-01,84432997,5327616,89760613,KRW
COMP1065,EMP181,2023-01-01,80490315,5750505,86240820,KRW
COMP1066,EMP181,2024-01-01,75197459,993404,76190863,KRW
COMP1067,EMP182,2015-01-01,65673766,8725490,74399256,KRW
COMP1068,EMP182,2016-01-01,67753103,5154091,72907194,KRW
COMP1069,EMP182,2017-01-01,70585951,15513513,86099464,KRW
COMP1070,EMP182,2018-01-01,69630409,10067758,79698167,KRW
COMP1071,EMP182,2019-01-01,66651110,7312510,73963620,KRW
COMP1072,EMP182,2020-01-01,59769740,4873221,64642961,KRW
COMP1073,EMP182,2021-01-01,67341079,2041767,69382846,KRW
COMP1074,EMP182,2022-01-01,58260699,2209693,60470392,KRW
COMP1075,EMP182,2023-01-01,62689784,5182661,67872445,KRW
COMP1076,EMP182,2024-01-01,59915051,4677318,64592369,KRW
COMP1077,EMP183,2016-01-01,72810609,4372254,77182863,KRW
COMP1078,EMP183,2017-01-01,77835702,11101370,88937072,KRW
COMP1079,EMP183,2018-01-01,78975356,11913901,90889257,KRW
COMP1080,EMP183,2019-01-01,85868431,7941289,93809720,KRW
COMP1081,EMP183,2020-01-01,89760112,21193182,110953294,KRW
COMP1082,EMP183,2021-01-01,79607115,1209728,80816843,KRW
COMP1083,EMP183,2022-01-01,77701352,9595327,87296679,KRW
COMP1084,EMP183,2023-01-01,74432216,7955701,82387917,KRW
COMP1085,EMP183,2024-01-01,87278645,7589571,94868216,KRW
COMP1086,EMP184,2018-01-01,72454019,5661573,78115592,KRW
COMP1087,EMP184,2019-01-01,87230906,10431281,97662187,KRW
COMP1088,EMP184,2020-01-01,86260812,9184044,95444856,KRW
COMP1089,EMP184,2021-01-01,83295610,8036977,91332587,KRW
COMP1090,EMP184,2022-01-01,79366714,3339499,82706213,KRW
COMP1091,EMP184,2023-01-01,77423550,1774028,79197578,KRW
COMP1092,EMP184,2024-01-01,81687002,8388357,90075359,KRW
COMP1093,EMP185,2015-01-01,118246082,11336752,129582834,KRW
COMP1094,EMP185,2016-01-01,111735984,12087351,123823335,KRW
COMP1095,EMP185,2017-01-01,127068563,14420082,141488645,KRW
COMP1096,EMP185,2018-01-01,133646940,11847782,145494722,KRW
COMP1097,EMP185,2019-01-01,113619619,12186335,125805954,KRW
COMP1098,EMP185,2020-01-01,135664424,9332125,144996549,KRW
COMP1099,EMP185,2021-01-01,137149555,28998455,166148010,KRW
COMP1100,EMP185,2022-01-01,136382748,9821684,146204432,KRW
COMP1101,EMP185,2023-01-01,122491620,11972472,134464092,KRW
COMP1102,EMP185,2024-01-01,112185907,8590374,120776281,KRW
COMP1103,EMP186,2022-01-01,43962383,3322022,47284405,KRW
COMP1104,EMP186,2023-01-01,47478008,5767556,53245564,KRW
COMP1105,EMP186,2024-01-01,42619783,4852941,47472724,KRW
COMP1106,EMP187,2024-01-01,37035128,3423244,40458372,KRW
COMP1107,EMP188,2024-01-01,36686900,3778436,40465336,KRW
COMP1108,EMP189,2016-01-01,74059720,5688614,79748334,KRW
COMP1109,EMP189,2017-01-01,82911516,11947842,94859358,KRW
COMP1110,EMP189,2018-01-01,88553765,21546155,110099920,KRW
COMP1111,EMP189,2019-01-01,82184315,5548223,87732538,KRW
COMP1112,EMP189,2020-01-01,85910963,12340061,98251024,KRW
COMP1113,EMP189,2021-01-01,74894675,9189347,84084022,KRW
COMP1114,EMP189,2022-01-01,88928892,14239097,103167989,KRW
COMP1115,EMP189,2023-01-01,89008558,14402259,103410817,KRW
COMP1116,EMP189,2024-01-01,76789802,10161192,86950994,KRW
COMP1117,EMP190,2022-01-01,49670354,5841768,55512122,KRW
COMP1118,EMP190,2023-01-01,49481669,4647961,54129630,KRW
COMP1119,EMP190,2024-01-01,54343090,4026952,58370042,KRW
COMP1120,EMP192,2016-01-01,64107554,7320394,71427948,KRW
COMP1121,EMP192,2017-01-01,62323917,2675233,64999150,KRW
COMP1122,EMP192,2018-01-01,67976688,5735100,73711788,KRW
COMP1123,EMP192,2019-01-01,69965473,13042349,83007822,KRW
COMP1124,EMP192,2020-01-01,61547185,7749451,69296636,KRW
COMP1125,EMP192,2021-01-01,68651294,11915109,80566403,KRW
COMP1126,EMP192,2022-01-01,65961840,13731845,79693685,KRW
COMP1127,EMP192,2023-01-01,59008458,6454240,65462698,KRW
COMP1128,EMP192,2024-01-01,60511725,8014145,68525870,KRW
COMP1129,EMP195,2015-01-01,81701863,8324541,90026404,KRW
COMP1130,EMP195,2016-01-01,80597065,5742029,86339094,KRW
COMP1131,EMP195,2017-01-01,75081666,4716773,79798439,KRW
COMP1132,EMP195,2018-01-01,73232218,12492612,85724830,KRW
COMP1133,EMP195,2019-01-01,80678508,10691325,91369833,KRW
COMP1134,EMP195,2020-01-01,75568772,17440984,93009756,KRW
COMP1135,EMP195,2021-01-01,76208810,13589792,89798602,KRW
COMP1136,EMP195,2022-01-01,82569500,6285786,88855286,KRW
COMP1137,EMP195,2023-01-01,82934757,14133785,97068542,KRW
COMP1138,EMP195,2024-01-01,86672604,8814210,95486814,KRW
COMP1139,EMP196,2022-01-01,38546028,7439829,45985857,KRW
COMP1140,EMP196,2023-01-01,35878371,3258472,39136843,KRW
COMP1141,EMP196,2024-01-01,35179847,2000130,37179977,KRW
